,name_node_pairs
0,0xfbb1b73c4f0bda4f67dca266ce6ef42f520fbb98_0x32be343b94f860124dc4fee278fdcbd38c102d88
1,0xfbb1b73c4f0bda4f67dca266ce6ef42f520fbb98_0x4fdaebe9eac15eb5bc0170f6a36f19eaed75d8ef
2,0xfbb1b73c4f0bda4f67dca266ce6ef42f520fbb98_0xa1a111bc074c9cfa781f0c38e63bd51c91b8af00
3,0xfbb1b73c4f0bda4f67dca266ce6ef42f520fbb98_0xcac7000c7dbaa2e33af15325af5d435e011c7bdd
4,0xfbb1b73c4f0bda4f67dca266ce6ef42f520fbb98_0x2aedf47e935c75601e9d779453f1a5f8c616bd6e
5,0xfbb1b73c4f0bda4f67dca266ce6ef42f520fbb98_0x770d98d31b4353fceee8560c4ccf803e88c0c4e0
6,0xfbb1b73c4f0bda4f67dca266ce6ef42f520fbb98_0x1a88c57a263f87c39ab07f02045f7bbe559d93bc
7,0xfbb1b73c4f0bda4f67dca266ce6ef42f520fbb98_0x7246bc1603b6d03a536a04d0580414db1fccffe8
8,0xfbb1b73c4f0bda4f67dca266ce6ef42f520fbb98_0x3fee2e5f121cfb9d6d9bab6cec64eb60585124d4
9,0xfbb1b73c4f0bda4f67dca266ce6ef42f520fbb98_0xaead75d7f72d1a4d36a40df2cd95942f26a28f5e
10,0xfbb1b73c4f0bda4f67dca266ce6ef42f520fbb98_0xe0e82ed3e93079ce76aac1da7b4bfa990d885a0d
11,0xfbb1b73c4f0bda4f67dca266ce6ef42f520fbb98_0xddb0c5f658658b0108132014d21bf17ad643d3d9
12,0xfbb1b73c4f0bda4f67dca266ce6ef42f520fbb98_0x02d7ffc396d24b1dbfca72ce1ae8a22dfa5da000
13,0xfbb1b73c4f0bda4f67dca266ce6ef42f520fbb98_0x7b8e8f3200b7871a4eba6923a6ae518e914d0d37
14,0xfbb1b73c4f0bda4f67dca266ce6ef42f520fbb98_0x1088f2cb8324a270c8d7e71083449a0722820d99
15,0xfbb1b73c4f0bda4f67dca266ce6ef42f520fbb98_0xe73267af530d04e33c845c1247efe4210c28ca8a
16,0xfbb1b73c4f0bda4f67dca266ce6ef42f520fbb98_0xa89c99169bc9aa59d997bde1b36fa621ace77c44
17,0xfbb1b73c4f0bda4f67dca266ce6ef42f520fbb98_0x0b021ae3828795e6f60e5fac5626d3f0e0033995
18,0xfbb1b73c4f0bda4f67dca266ce6ef42f520fbb98_0x9e67e6ca9730c14a87d5420ff79442b8a03a2433
19,0xfbb1b73c4f0bda4f67dca266ce6ef42f520fbb98_0x219034787dfcdf07ae8a07d98b0781439fc0db99
20,0xfbb1b73c4f0bda4f67dca266ce6ef42f520fbb98_0x9faa3b300afa841089c996d37e6ed5155fcf2b3a
21,0xfbb1b73c4f0bda4f67dca266ce6ef42f520fbb98_0x6724eff089f9dd79c381137df68678bd574b37e0
22,0xfbb1b73c4f0bda4f67dca266ce6ef42f520fbb98_0xdf660a91dab9f730f6190d50c8390561500756ca
23,0xfbb1b73c4f0bda4f67dca266ce6ef42f520fbb98_0x6ea9d172e15e969316f49cb2d5549fc3b00c1ef3
24,0xfbb1b73c4f0bda4f67dca266ce6ef42f520fbb98_0xac02beab69f61ed095e394a1beb83f8bf1c18d27
25,0xfbb1b73c4f0bda4f67dca266ce6ef42f520fbb98_0x25accdba96d622ca806ee384aa399b9d4e64fedb
26,0xfbb1b73c4f0bda4f67dca266ce6ef42f520fbb98_0x6d813ff76e76d9c387b6f3aded36009f6e1b9d7a
27,0xfbb1b73c4f0bda4f67dca266ce6ef42f520fbb98_0xd9c4a7022acb3543826b6c1667fad470f65f262e
28,0xfbb1b73c4f0bda4f67dca266ce6ef42f520fbb98_0x8378f6e5447d7c2a6069e070afe3fb2703251b94
29,0xfbb1b73c4f0bda4f67dca266ce6ef42f520fbb98_0xcff928f8f989f12608df9ad8563c8a6be2657268
30,0xfbb1b73c4f0bda4f67dca266ce6ef42f520fbb98_0x5e94b6cb3ac96e2b87acdf77b3ffcc2c6851baf4
31,0xfbb1b73c4f0bda4f67dca266ce6ef42f520fbb98_0x1527aa63aca3571334eb52676906b15d0c732154
32,0xfbb1b73c4f0bda4f67dca266ce6ef42f520fbb98_0x4a4851b1998065377d35eb64b3df1a527aef37ae
33,0xfbb1b73c4f0bda4f67dca266ce6ef42f520fbb98_0x1d799c0a9224eb09ce2a2e61c0471bca10ea6a32
34,0xfbb1b73c4f0bda4f67dca266ce6ef42f520fbb98_0x31a73304345ee7d1ef958026af26e3fef4db2f20
35,0xfbb1b73c4f0bda4f67dca266ce6ef42f520fbb98_0x3f6da2f18ce077b065ac7bcae884bf439a222b35
36,0xfbb1b73c4f0bda4f67dca266ce6ef42f520fbb98_0xcfdc23ff6a16f81ccd95064945410b2714334926
37,0xfbb1b73c4f0bda4f67dca266ce6ef42f520fbb98_0xecef3bcaed90d05bf27b0939aafd24e9ca958ecb
38,0xfbb1b73c4f0bda4f67dca266ce6ef42f520fbb98_0x022a006fcc619ebf387f413ef06932babd47ae0e
39,0xfbb1b73c4f0bda4f67dca266ce6ef42f520fbb98_0x1308a2e95c0160b90803ddca9b9a5bb55e416d79
40,0xfbb1b73c4f0bda4f67dca266ce6ef42f520fbb98_0xce0e7b0bafbf180f276d8539b86feb56aa5cc301
41,0xfbb1b73c4f0bda4f67dca266ce6ef42f520fbb98_0xe3194b17c5549620beda50343e34d1c3876391c4
42,0xfbb1b73c4f0bda4f67dca266ce6ef42f520fbb98_0xc42333ffcab0a62138cf32808723db35bb9dc45b
43,0xfbb1b73c4f0bda4f67dca266ce6ef42f520fbb98_0x718d2de7755fe6395eca6532128eebe7de370ed6
44,0xfbb1b73c4f0bda4f67dca266ce6ef42f520fbb98_0x2435cac661de90ff84bf79a55629c5bc30b40a0d
45,0xfbb1b73c4f0bda4f67dca266ce6ef42f520fbb98_0xc1bed23f5a2ba19a363215fc2c288fd8ee533e15
46,0xfbb1b73c4f0bda4f67dca266ce6ef42f520fbb98_0xf4bb828e9f72a642fb5ade27728251e00ac71f66
47,0xfbb1b73c4f0bda4f67dca266ce6ef42f520fbb98_0xa77a51b44bf377ed46bfebc626309c2b934cf58b
48,0xfbb1b73c4f0bda4f67dca266ce6ef42f520fbb98_0x0a0a0a169a784a9b524d0d40f03552053b360f21
49,0xfbb1b73c4f0bda4f67dca266ce6ef42f520fbb98_0x4182e58f038b1806f5c23562cb2910b199ecafee
50,0xfbb1b73c4f0bda4f67dca266ce6ef42f520fbb98_0xe81c595000faf9aa9cd5dd53ae4137806d4ca08e
51,0xfbb1b73c4f0bda4f67dca266ce6ef42f520fbb98_0x4ac5223dd6a8e0a7500086541bb69a066de729bf
52,0xfbb1b73c4f0bda4f67dca266ce6ef42f520fbb98_0xc66d2b41e79f4c3b69e437c7163326e52d980ccc
53,0xfbb1b73c4f0bda4f67dca266ce6ef42f520fbb98_0x1dd20cba1ac0a6adafc39b52a8e3e9429a444ada
54,0xfbb1b73c4f0bda4f67dca266ce6ef42f520fbb98_0x5f965f10e1bd020753ca496fee6b3e4d809aff67
55,0xfbb1b73c4f0bda4f67dca266ce6ef42f520fbb98_0xf652ce4d07f4b2f4fd6f582f9e1f22a868ad60da
56,0xfbb1b73c4f0bda4f67dca266ce6ef42f520fbb98_0xa204d546e9db0caaf38c03d028ac021035d10f16
57,0xfbb1b73c4f0bda4f67dca266ce6ef42f520fbb98_0x7b60f3f033e6d7808428c9f2dbc81682ff24984f
58,0xfbb1b73c4f0bda4f67dca266ce6ef42f520fbb98_0x68526a5784e51b897b4b78acf01012bf8777e589
59,0xfbb1b73c4f0bda4f67dca266ce6ef42f520fbb98_0x1c8e5a97aa5ebe26e30c90d5dfdb84a597982aec
60,0xfbb1b73c4f0bda4f67dca266ce6ef42f520fbb98_0x023ca10cad1726acd8a9bf8fcea0174862c80025
61,0xfbb1b73c4f0bda4f67dca266ce6ef42f520fbb98_0xefaa23397c85df68ff1708b489856b006b30eed2
62,0xfbb1b73c4f0bda4f67dca266ce6ef42f520fbb98_0x65553f5e8fa2edfce37aec51a90ed28777dde402
63,0xfbb1b73c4f0bda4f67dca266ce6ef42f520fbb98_0x2ae00b552ebf0156b47a57f3b5afbcef5378c1b2
64,0xfbb1b73c4f0bda4f67dca266ce6ef42f520fbb98_0x735dc1cd6e89cf90003dac22bd2377fe72b8bcdd
65,0xfbb1b73c4f0bda4f67dca266ce6ef42f520fbb98_0xb2e806f75188c71a4271c047563d6f623107696a
66,0xfbb1b73c4f0bda4f67dca266ce6ef42f520fbb98_0x3d5c4b04c87615ad5ea311b02e2898666416832f
67,0xfbb1b73c4f0bda4f67dca266ce6ef42f520fbb98_0xc8fc262b7cbf3f91dab62a097955e6544ae2ba2e
68,0xfbb1b73c4f0bda4f67dca266ce6ef42f520fbb98_0x76d4a9bc9612be738a81d0fe632b00b971e2bb9a
69,0xfbb1b73c4f0bda4f67dca266ce6ef42f520fbb98_0x9b80bd38c4afe0942f8029298a11face85ce4caf
70,0xfbb1b73c4f0bda4f67dca266ce6ef42f520fbb98_0xc9e41beb687d918e88d368d684d022a07538aee2
71,0xfbb1b73c4f0bda4f67dca266ce6ef42f520fbb98_0x470a744bbb2f703d035ac1d61e2660129b087c21
72,0xfbb1b73c4f0bda4f67dca266ce6ef42f520fbb98_0x9931d557592df55fcba2118d54f054309571c5db
73,0xfbb1b73c4f0bda4f67dca266ce6ef42f520fbb98_0x2ba293248cedde748a4b083fb63829d20d32607d
74,0xfbb1b73c4f0bda4f67dca266ce6ef42f520fbb98_0xbfa783925b8676f57362523149c33fff0d1cc65f
75,0xfbb1b73c4f0bda4f67dca266ce6ef42f520fbb98_0x952f389ece021cecc7e7e00b5316925e14396b92
76,0xfbb1b73c4f0bda4f67dca266ce6ef42f520fbb98_0x2753eb7f173c1e8b9f5315395ef4608f92b637ab
77,0xfbb1b73c4f0bda4f67dca266ce6ef42f520fbb98_0x2d5a5c35815e984cee59ecaaa5412d305fd2004d
78,0xfbb1b73c4f0bda4f67dca266ce6ef42f520fbb98_0x8710908977f5faa8ff9bc8cf3c0a928bf83aa873
79,0xfbb1b73c4f0bda4f67dca266ce6ef42f520fbb98_0x9b348d2bdf75e886b346cc967d890e5ff93535b6
80,0xfbb1b73c4f0bda4f67dca266ce6ef42f520fbb98_0xd6d327d45e2f3bddbc5dea12815f871d4375bd25
81,0xfbb1b73c4f0bda4f67dca266ce6ef42f520fbb98_0x2547379d8e07e629d3726c8bee29854981c8903c
82,0xfbb1b73c4f0bda4f67dca266ce6ef42f520fbb98_0x8ec45f94832f5ff2e92bf2237b921526b5b15d0f
83,0xfbb1b73c4f0bda4f67dca266ce6ef42f520fbb98_0xd898d5e829717c72e7438bad593076686d7d164a
84,0xfbb1b73c4f0bda4f67dca266ce6ef42f520fbb98_0x9bcdf86092d1cd705862b8343c7cfe1a9f20d6a6
85,0xfbb1b73c4f0bda4f67dca266ce6ef42f520fbb98_0x9a099665914bc1e3303e18b1fdb434eb2b5535d6
86,0xfbb1b73c4f0bda4f67dca266ce6ef42f520fbb98_0xc5421ff9a6c1dfe6fe5be19fa1322e70b77c8cb1
87,0xfbb1b73c4f0bda4f67dca266ce6ef42f520fbb98_0xc7711c2ed62c75340909fdf6bf3bf0ca3e1be850
88,0xfbb1b73c4f0bda4f67dca266ce6ef42f520fbb98_0x95ac27ac0ab7b97ca9a05f935a3478b70002d213
89,0xfbb1b73c4f0bda4f67dca266ce6ef42f520fbb98_0x563e085b6739fd86ac81775dd9867bac0c489b6a
90,0xfbb1b73c4f0bda4f67dca266ce6ef42f520fbb98_0xa8dd28824d25dd5d57f5ece5ad5d5abef3d690c7
91,0xfbb1b73c4f0bda4f67dca266ce6ef42f520fbb98_0xa2f0f37df7682e082a64a285829b0ee1f018559f
92,0xfbb1b73c4f0bda4f67dca266ce6ef42f520fbb98_0x08223ac8074449e3bf35aae93d1636d2bb479d8c
93,0xfbb1b73c4f0bda4f67dca266ce6ef42f520fbb98_0xc44b2097aedef0a5b7e9ed78fb6368bde3333eb5
94,0xfbb1b73c4f0bda4f67dca266ce6ef42f520fbb98_0x7f8091007f8033e13787c009f69d6e14d358eae7
95,0xfbb1b73c4f0bda4f67dca266ce6ef42f520fbb98_0xa406138aa3fea5a7153d45af8ac39caf4d11c5e8
96,0xfbb1b73c4f0bda4f67dca266ce6ef42f520fbb98_0x43002b80a2b2f5d40d1c5ba0cc59b35b4926ac18
97,0xfbb1b73c4f0bda4f67dca266ce6ef42f520fbb98_0x770e2de60a56861f14ff290b17748ce8f576aa8f
98,0xfbb1b73c4f0bda4f67dca266ce6ef42f520fbb98_0x3ad34397b76d1b2db29204bc5011117a37a3f7dd
99,0xfbb1b73c4f0bda4f67dca266ce6ef42f520fbb98_0xb2b31e84127a377ad448a86b3fd32c0a0843eb1f
100,0xfbb1b73c4f0bda4f67dca266ce6ef42f520fbb98_0x61108460182a8be9f76a45582c8b6b89ae222952
101,0xfbb1b73c4f0bda4f67dca266ce6ef42f520fbb98_0x38f75cb26b09ccb3ea0d03a920d58aa678d80b4b
102,0xfbb1b73c4f0bda4f67dca266ce6ef42f520fbb98_0xab265e840933431739e8be901b21785aab7d28be
103,0xfbb1b73c4f0bda4f67dca266ce6ef42f520fbb98_0xe87edfdb05ca2f0d3102c54726f0854ce44144ed
104,0xfbb1b73c4f0bda4f67dca266ce6ef42f520fbb98_0xdd9705a4a2a661729adbfe2f72e272eafcad6b55
105,0xfbb1b73c4f0bda4f67dca266ce6ef42f520fbb98_0x900a0a6428078594b201108ebf8f8a8446e86fba
106,0xfbb1b73c4f0bda4f67dca266ce6ef42f520fbb98_0x1de2366bf5914821c2d7b12ea46697a86d0ae4c9
107,0xfbb1b73c4f0bda4f67dca266ce6ef42f520fbb98_0x2660299c07076aeb9cef872a41eaf75e4c16020d
108,0xfbb1b73c4f0bda4f67dca266ce6ef42f520fbb98_0x0d187496799a43e7c43e4324026e32d1dc80d8e4
109,0xfbb1b73c4f0bda4f67dca266ce6ef42f520fbb98_0xfd6b6e67d15931706d607e2358a1b0aa05f8e256
110,0xfbb1b73c4f0bda4f67dca266ce6ef42f520fbb98_0x8cdc27bf95732811ebd9b0a9e7e957a30c4582ac
111,0xfbb1b73c4f0bda4f67dca266ce6ef42f520fbb98_0x0fca66b29fd596f59398744163e3eb9c323e5133
112,0xfbb1b73c4f0bda4f67dca266ce6ef42f520fbb98_0x62b0559efe3a073edfe78bbe7cb491a6c65f0806
113,0xfbb1b73c4f0bda4f67dca266ce6ef42f520fbb98_0x434eb5ad1a8d64bea8a9b24c03a7ca7bf7defcf2
114,0xfbb1b73c4f0bda4f67dca266ce6ef42f520fbb98_0x11cc6c9890859d553704a586ed4c9189bbc344f8
115,0xfbb1b73c4f0bda4f67dca266ce6ef42f520fbb98_0xe5cd922132641cf77d8a95de3f3b335ee6d54d71
116,0xfbb1b73c4f0bda4f67dca266ce6ef42f520fbb98_0x3a3a7cdfbbd0d889e44ce9f87515a2c989e51a49
117,0xfbb1b73c4f0bda4f67dca266ce6ef42f520fbb98_0x48ffc2899b23beea23dce1211619962c21e08046
118,0xfbb1b73c4f0bda4f67dca266ce6ef42f520fbb98_0x6a8cc233e14f874983bb2f37d1de706f6910ef0b
119,0xfbb1b73c4f0bda4f67dca266ce6ef42f520fbb98_0x9927939864218a222e4376e689289531e3fb9569
120,0xfbb1b73c4f0bda4f67dca266ce6ef42f520fbb98_0xfa5f6b82a053710a6b8e09e4611a72ff8db51f83
121,0xfbb1b73c4f0bda4f67dca266ce6ef42f520fbb98_0x037658e13e294088cfd16a534b9c1f3b37282eb2
122,0xfbb1b73c4f0bda4f67dca266ce6ef42f520fbb98_0xb4c8a15086d7c2e2aa5506ff51e34e3e23d053a7
123,0xfbb1b73c4f0bda4f67dca266ce6ef42f520fbb98_0x3a4cc071e426cffba54c267391e401e820a5e472
124,0xfbb1b73c4f0bda4f67dca266ce6ef42f520fbb98_0xe3d2ec7b0f0dcb4a46cba8df3e271f539f07b9f6
125,0xfbb1b73c4f0bda4f67dca266ce6ef42f520fbb98_0x8aa50dfc95ab047128ccdc6af4ba2ddba8d0a874
126,0xfbb1b73c4f0bda4f67dca266ce6ef42f520fbb98_0xeeb66afe554366d685c7832c6c93727ba577378d
127,0xfbb1b73c4f0bda4f67dca266ce6ef42f520fbb98_0x60a175bb691fee8557a7b6d8efc9e49889486f41
128,0xfbb1b73c4f0bda4f67dca266ce6ef42f520fbb98_0xf2711f78854d3b5ce29fa3c550a9328d7df40706
129,0xfbb1b73c4f0bda4f67dca266ce6ef42f520fbb98_0x2b199fd1783532c6688a8cd7aabddc27034d110a
130,0xfbb1b73c4f0bda4f67dca266ce6ef42f520fbb98_0x6c98db776a9d494264ee160ef60d52b4474c7845
131,0xfbb1b73c4f0bda4f67dca266ce6ef42f520fbb98_0x1c5882903db400d54a042ff314258d9080d1c158
132,0xfbb1b73c4f0bda4f67dca266ce6ef42f520fbb98_0x9258e9b67440f712b7ae120cb8233badcb1845ea
133,0xfbb1b73c4f0bda4f67dca266ce6ef42f520fbb98_0x1b86658dac8d410761dc2623e6d2e736aa3f4c3f
134,0xfbb1b73c4f0bda4f67dca266ce6ef42f520fbb98_0xe6ea7febb65f6fb46dc42dea2f873c67aadb1f72
135,0xfbb1b73c4f0bda4f67dca266ce6ef42f520fbb98_0x683feddafc2a8542744a4587de0c45626d7b8e68
136,0xfbb1b73c4f0bda4f67dca266ce6ef42f520fbb98_0x00587ffa0a43d793209e8e7c24f8ec55fd021220
137,0xfbb1b73c4f0bda4f67dca266ce6ef42f520fbb98_0x59e777f70939982dac9651eee7e6a121048b749a
138,0xfbb1b73c4f0bda4f67dca266ce6ef42f520fbb98_0x787f9c02fc5f4970ae51f2b5f7b4ee7c22b875b6
139,0xfbb1b73c4f0bda4f67dca266ce6ef42f520fbb98_0x5a7c3a0afec10b657476db4405240a762739234b
140,0xfbb1b73c4f0bda4f67dca266ce6ef42f520fbb98_0x06349274c7a13adf93f68ae534e142404a155b8e
141,0xfbb1b73c4f0bda4f67dca266ce6ef42f520fbb98_0xe2ec6677e974d52fa5006211469bf81ca5cfa97f
142,0xfbb1b73c4f0bda4f67dca266ce6ef42f520fbb98_0x16644332bb8f5f2229c6825285958a13cbf127e7
143,0xfbb1b73c4f0bda4f67dca266ce6ef42f520fbb98_0x0bcba20fb3562fbcaf7c299fbcf7d2590479a3da
144,0xfbb1b73c4f0bda4f67dca266ce6ef42f520fbb98_0xeea71dc26083232a9e7a61b6a7836dc2428376cf
145,0xfbb1b73c4f0bda4f67dca266ce6ef42f520fbb98_0xd9c13364c95e5f8e35d4bd4830e974a0652f83d8
146,0xfbb1b73c4f0bda4f67dca266ce6ef42f520fbb98_0x295f7067f6e4182a32a4eff344af3daadfde10e5
147,0xfbb1b73c4f0bda4f67dca266ce6ef42f520fbb98_0x16aa904405cf81815f608ffe926ece969509293c
148,0xfbb1b73c4f0bda4f67dca266ce6ef42f520fbb98_0xe8db85c6f80bf068a4508e3a315b20cacd8b2fce
149,0xfbb1b73c4f0bda4f67dca266ce6ef42f520fbb98_0x292797acfa0288a93401c7b7cde1d501c70a1be1
150,0xfbb1b73c4f0bda4f67dca266ce6ef42f520fbb98_0xe7c375369e337cdc54d8e3edb2d030b5ed7f63e5
151,0xfbb1b73c4f0bda4f67dca266ce6ef42f520fbb98_0xdb5dc2cfcebafaa7d98292c1bf11c2937608729b
152,0xfbb1b73c4f0bda4f67dca266ce6ef42f520fbb98_0x6666fde341e0765abbfa85e7c154f26c29e180a1
153,0xfbb1b73c4f0bda4f67dca266ce6ef42f520fbb98_0x28f626e1d12b99701bf1ed7e853856ede028b486
154,0xfbb1b73c4f0bda4f67dca266ce6ef42f520fbb98_0xb807f4059f86ce14d01b82fc1eb496c7cd2db6ea
155,0xfbb1b73c4f0bda4f67dca266ce6ef42f520fbb98_0xf057b019703a4cce4850a018131d8ed6369f6efc
156,0xfbb1b73c4f0bda4f67dca266ce6ef42f520fbb98_0xe5c985e12ca5c7d6b68052968d40312c875d4637
157,0xfbb1b73c4f0bda4f67dca266ce6ef42f520fbb98_0x0ae502d5084fde52cdeab47766c05dd73f5a3df8
158,0xfbb1b73c4f0bda4f67dca266ce6ef42f520fbb98_0x19ae27e1b61445eb9f27821a5eb4b3e957319e7e
159,0xfbb1b73c4f0bda4f67dca266ce6ef42f520fbb98_0x40c6bece82f6ef13eb49bded467e6d8aa48c5ef6
160,0xfbb1b73c4f0bda4f67dca266ce6ef42f520fbb98_0xa8fa0e8951ce9dde722934e742f8aa9f618b34ba
161,0xfbb1b73c4f0bda4f67dca266ce6ef42f520fbb98_0xc89cd9e30ab1c57c9b7fdf8e51b59a86048d08fa
162,0xfbb1b73c4f0bda4f67dca266ce6ef42f520fbb98_0xc1af7cd316c1a99d40dd7208172fd88dd0280a4d
163,0xfbb1b73c4f0bda4f67dca266ce6ef42f520fbb98_0xd4009b893e804b60a7a840267730d9e2c0052e55
164,0xfbb1b73c4f0bda4f67dca266ce6ef42f520fbb98_0x5a897024cd9ab0e4b140fec5f19143d5efbfebd9
165,0xfbb1b73c4f0bda4f67dca266ce6ef42f520fbb98_0xdb8207d158c5396e26545a979c7a788852f81eb6
166,0xfbb1b73c4f0bda4f67dca266ce6ef42f520fbb98_0x38dd392d8b9b5e5ab6edd96d6e677d575502dfc2
167,0xfbb1b73c4f0bda4f67dca266ce6ef42f520fbb98_0x2678d3a52f796b7fc9ba469579de3891af5f8a95
168,0xfbb1b73c4f0bda4f67dca266ce6ef42f520fbb98_0x6c5564dab8ce79be134362bc4d7257945a1faa66
169,0xfbb1b73c4f0bda4f67dca266ce6ef42f520fbb98_0x0e4abc0dad303d11570a7b99bd9eb5f3130b4831
170,0xfbb1b73c4f0bda4f67dca266ce6ef42f520fbb98_0xe34490fc3a3a1939465ae913d44bfcaf74b59b5d
171,0xfbb1b73c4f0bda4f67dca266ce6ef42f520fbb98_0x3f5cd2b711eaf2131237650c2eb03732f1bea2cd
172,0xfbb1b73c4f0bda4f67dca266ce6ef42f520fbb98_0x3d31a7cdbf1b9952c1c4d567b97c54fc354e6a7b
173,0xfbb1b73c4f0bda4f67dca266ce6ef42f520fbb98_0x1f1f1f6faa77a31e6c9aef1ef25a6f6819177eeb
174,0xfbb1b73c4f0bda4f67dca266ce6ef42f520fbb98_0x83fdfd476caea5d514b9545805c269fc2441b2dd
175,0xfbb1b73c4f0bda4f67dca266ce6ef42f520fbb98_0xca6b1247e05188167cefacf2bf8425b68d52bf64
176,0xfbb1b73c4f0bda4f67dca266ce6ef42f520fbb98_0xd50ec384fedb1033ad98072b30a5315f71ce5bbb
177,0xfbb1b73c4f0bda4f67dca266ce6ef42f520fbb98_0xf139e449202bd167d3b34a53efe805b9479feadc
178,0xfbb1b73c4f0bda4f67dca266ce6ef42f520fbb98_0x823004a8d39583f74b7e01418fde2568725243e4
179,0xfbb1b73c4f0bda4f67dca266ce6ef42f520fbb98_0x029dc24e25db54ab740aabcfeeca04b1fa8aa188
180,0xfbb1b73c4f0bda4f67dca266ce6ef42f520fbb98_0x1b3ca00bb77da8511c7ef091d26bd5e69ffe16bf
181,0xfbb1b73c4f0bda4f67dca266ce6ef42f520fbb98_0x64916978a6c23c21ce9526e4ee9a2a6077dd0e01
182,0xfbb1b73c4f0bda4f67dca266ce6ef42f520fbb98_0xf0638f1dc2844dc6b45b3c37697a62851026ea31
183,0xfbb1b73c4f0bda4f67dca266ce6ef42f520fbb98_0xd06e0f2eaee9d1f94dcbf195fc078726436c2a6d
184,0xfbb1b73c4f0bda4f67dca266ce6ef42f520fbb98_0x28d252ec46a4d6ac35a25a6518da44c6e54ee015
185,0xfbb1b73c4f0bda4f67dca266ce6ef42f520fbb98_0x1fabd401b08df84f615091c14c6db1a5e0bead0c
186,0xfbb1b73c4f0bda4f67dca266ce6ef42f520fbb98_0xc05c47a7e9a179efaf3847e0db995f45ec30a506
187,0xfbb1b73c4f0bda4f67dca266ce6ef42f520fbb98_0x17503ac6bd7f64aba0b186c354e25c68dbe9bea7
188,0xfbb1b73c4f0bda4f67dca266ce6ef42f520fbb98_0x0d9979588ee4b6c5b92d8b872fcaf88f68e0228e
189,0xfbb1b73c4f0bda4f67dca266ce6ef42f520fbb98_0xc1a85a12432ec645dd75b7be7c26554e9c57a4ce
190,0xfbb1b73c4f0bda4f67dca266ce6ef42f520fbb98_0x137e1d138a6d96bac9f75a6c926ce5b343442694
191,0xfbb1b73c4f0bda4f67dca266ce6ef42f520fbb98_0xa453acecdf4a4ba4ff7f6020064604c84e297fb1
192,0xfbb1b73c4f0bda4f67dca266ce6ef42f520fbb98_0xfb28f3514eaff0c2fb1dd74a7f0e33830b1d4f2e
193,0xfbb1b73c4f0bda4f67dca266ce6ef42f520fbb98_0x4db3262ca80d30fce03fd51c8d31a03f449fa847
194,0xfbb1b73c4f0bda4f67dca266ce6ef42f520fbb98_0x6ed7a6220b1cd6f93ac32948c2221e0d372f46ad
195,0xfbb1b73c4f0bda4f67dca266ce6ef42f520fbb98_0x0c473d7a7006c15edd586751f352f1d74bea83fe
196,0xfbb1b73c4f0bda4f67dca266ce6ef42f520fbb98_0x8312c82650d4a0bf2393ece0554f650da73ed14b
197,0xfbb1b73c4f0bda4f67dca266ce6ef42f520fbb98_0xaec8db2bc80b8584093d25fa1025d96e6d107377
198,0xfbb1b73c4f0bda4f67dca266ce6ef42f520fbb98_0x92fe746ba4159ee3ba1e83067aa7cf79cc4cc0d9
199,0xfbb1b73c4f0bda4f67dca266ce6ef42f520fbb98_0xfae95941f26f565646cc5bf443affde60868f17e
200,0xfbb1b73c4f0bda4f67dca266ce6ef42f520fbb98_0x534821743405b5522eeedff74035729756d0ae8a
201,0xfbb1b73c4f0bda4f67dca266ce6ef42f520fbb98_0xb406315733467ea62738ddaaf37e2d35ff76cf89
202,0xfbb1b73c4f0bda4f67dca266ce6ef42f520fbb98_0xd131f6c3957d70a74cb28737528cb609c45ee509
203,0xfbb1b73c4f0bda4f67dca266ce6ef42f520fbb98_0x7b7180b1decddb41d21b75cf55efa499de297366
204,0xfbb1b73c4f0bda4f67dca266ce6ef42f520fbb98_0x797d1f2d60538013574734dbd6e4ef70fd81e695
205,0xfbb1b73c4f0bda4f67dca266ce6ef42f520fbb98_0xa72c26b594556dad30fc52ed63fe992ec7fc6e46
206,0xfbb1b73c4f0bda4f67dca266ce6ef42f520fbb98_0x7a13b7df65e378a3587e1366ff0f0498fa74a491
207,0xfbb1b73c4f0bda4f67dca266ce6ef42f520fbb98_0x9af9d7882b168ec626d865efcd6ace678549d67e
208,0xfbb1b73c4f0bda4f67dca266ce6ef42f520fbb98_0xdaac0f7d8959ce050d3d68467a441d60b611ed2a
209,0xfbb1b73c4f0bda4f67dca266ce6ef42f520fbb98_0x5b6d1655738e28b06f5045069a2920911b57fed2
210,0xfbb1b73c4f0bda4f67dca266ce6ef42f520fbb98_0xf7723b56b738ec1ebdb445a9a0eae711c87b3c54
211,0xfbb1b73c4f0bda4f67dca266ce6ef42f520fbb98_0x338043c8592edadd5969b5529090d7ee1c466e14
212,0xfbb1b73c4f0bda4f67dca266ce6ef42f520fbb98_0xa5e093bfc2414279c74606a8c7c28690212e1b7e
213,0xfbb1b73c4f0bda4f67dca266ce6ef42f520fbb98_0x3b74cf8e8bf5c8d442cc23ea4f9a57d1b529a212
214,0xfbb1b73c4f0bda4f67dca266ce6ef42f520fbb98_0x281dc96ac9d41102ffef09e1410ba4b58e6bb072
215,0xfbb1b73c4f0bda4f67dca266ce6ef42f520fbb98_0x61aa9f53fe1f7a204ce58b1a8e46ee2eead49e0a
216,0xfbb1b73c4f0bda4f67dca266ce6ef42f520fbb98_0x34d34f0a638f6991e4e2536f41295df6e934a646
217,0xfbb1b73c4f0bda4f67dca266ce6ef42f520fbb98_0x0063a3d44d91fb3b59aad87108e15383df592560
218,0xfbb1b73c4f0bda4f67dca266ce6ef42f520fbb98_0x7f0e9e7eb9229895a6b2529ff91c9b520750fd39
219,0xfbb1b73c4f0bda4f67dca266ce6ef42f520fbb98_0x5d56361e68bb9d6441c91d0ef4fd20bb9055f9c4
220,0xfbb1b73c4f0bda4f67dca266ce6ef42f520fbb98_0x7dcdc90ffa556614c598ac3a7798b01d543a3137
221,0xfbb1b73c4f0bda4f67dca266ce6ef42f520fbb98_0x009781507fc411166590c7f205fbec84c4fbe0aa
222,0xfbb1b73c4f0bda4f67dca266ce6ef42f520fbb98_0x1f36d1902e48d3ce55562c42e9067fcbf044bf59
223,0xfbb1b73c4f0bda4f67dca266ce6ef42f520fbb98_0x00d497b37ce44e75ace856c096d52419e2a7375a
224,0xfbb1b73c4f0bda4f67dca266ce6ef42f520fbb98_0x0ad3a958ceae42db56dd5533a63e02dfcd5173d7
225,0xfbb1b73c4f0bda4f67dca266ce6ef42f520fbb98_0x3d45b3ff2c4c2c8db4e8815f668445f31cb85e6b
226,0xfbb1b73c4f0bda4f67dca266ce6ef42f520fbb98_0x27675e87a445fa84796b02a8556dcbd353c37e2b
227,0xfbb1b73c4f0bda4f67dca266ce6ef42f520fbb98_0xadde63d08554b593614efcefc589d7ac3919aaf3
228,0xfbb1b73c4f0bda4f67dca266ce6ef42f520fbb98_0xd8ab6ddba19f3f598d7cb41b1ab7cead5629c357
229,0xfbb1b73c4f0bda4f67dca266ce6ef42f520fbb98_0xcc61b43fe7aa16f04773b43ead68e2f00ee286bd
230,0xfbb1b73c4f0bda4f67dca266ce6ef42f520fbb98_0x8da9b354ea9cb0738a3c381a1eec368a993dab9f
231,0xfbb1b73c4f0bda4f67dca266ce6ef42f520fbb98_0x001f5ad6ad8b60ea2ef0df1065d97d7d4285bd38
232,0xfbb1b73c4f0bda4f67dca266ce6ef42f520fbb98_0xd108780bdda224d90dbd1b14215190013001dbc1
233,0xfbb1b73c4f0bda4f67dca266ce6ef42f520fbb98_0x571010e97095e8806e4112dd4ce0f7f02f6e72c2
234,0xfbb1b73c4f0bda4f67dca266ce6ef42f520fbb98_0x18636208f57f9b467c8ab7b33c98460f1073303a
235,0xfbb1b73c4f0bda4f67dca266ce6ef42f520fbb98_0xd8eee1ec320306360bce156f78c8e9edeb71290c
236,0xfbb1b73c4f0bda4f67dca266ce6ef42f520fbb98_0x0b7cdd58129b66a8e275a83b9aee2050184d7393
237,0xfbb1b73c4f0bda4f67dca266ce6ef42f520fbb98_0xd60012ffe7d00713526f934964087eac327c12a4
238,0xfbb1b73c4f0bda4f67dca266ce6ef42f520fbb98_0x00c6a1e0d3f017e8082c06ac77cccd57659bc58f
239,0xfbb1b73c4f0bda4f67dca266ce6ef42f520fbb98_0x311324dcb13693b39fd624f322b54fd672738303
240,0xfbb1b73c4f0bda4f67dca266ce6ef42f520fbb98_0x3b7eca0c6f86de5c4ab61d73bd8519a52de3e6d3
241,0xfbb1b73c4f0bda4f67dca266ce6ef42f520fbb98_0x085add236a690ff499734b1c9875eb91a5867482
242,0xfbb1b73c4f0bda4f67dca266ce6ef42f520fbb98_0x0c2f7bf930b58fa6560a6df6dc5c35c7421a6f7e
243,0xfbb1b73c4f0bda4f67dca266ce6ef42f520fbb98_0xbe12b6523fbd19d7abfde7cba28659b3e266a1db
244,0xfbb1b73c4f0bda4f67dca266ce6ef42f520fbb98_0x9894f83b1fbb900de13a8779989ed5e508754145
245,0xfbb1b73c4f0bda4f67dca266ce6ef42f520fbb98_0xa6998e08f465186605830fe7766ea0a3d39ccd22
246,0xfbb1b73c4f0bda4f67dca266ce6ef42f520fbb98_0xb9464e67eeefc2bdfb776c84bf276b41821e6eb5
247,0xfbb1b73c4f0bda4f67dca266ce6ef42f520fbb98_0x690c3856e22431e7003967bae00788c417fe8dd4
248,0xfbb1b73c4f0bda4f67dca266ce6ef42f520fbb98_0xd116f49613691c45f528247b0394e6b3bd2a078d
249,0xfbb1b73c4f0bda4f67dca266ce6ef42f520fbb98_0x93a7cf7d7123a052a828a198e475a7f3c0e352e2
250,0xfbb1b73c4f0bda4f67dca266ce6ef42f520fbb98_0xc53a2cb158d6ea8ad7e8edb7fd46552793ed1236
251,0xfbb1b73c4f0bda4f67dca266ce6ef42f520fbb98_0x33e1a1ae6d566e20dc21f247126981d001b659ce
252,0xfbb1b73c4f0bda4f67dca266ce6ef42f520fbb98_0xb30a3c9e37263a1917344bd688c6f842c9a634e3
253,0xfbb1b73c4f0bda4f67dca266ce6ef42f520fbb98_0x9c260e34b34db5d9dd36fd7c448cb1fbdf03dab2
254,0xfbb1b73c4f0bda4f67dca266ce6ef42f520fbb98_0x4dbaad248257f143340075e2315b942bf2ce45b7
255,0xfbb1b73c4f0bda4f67dca266ce6ef42f520fbb98_0x193bb9b5e9b6099fb6c33dbb5ccda4ac18ed14d7
256,0xfbb1b73c4f0bda4f67dca266ce6ef42f520fbb98_0x44c1440ed5e2c9db37ae4da02b60f8a430b805d0
257,0xfbb1b73c4f0bda4f67dca266ce6ef42f520fbb98_0xee8bb0274117c9a1d3695e19bea188c382ec1a8e
258,0xfbb1b73c4f0bda4f67dca266ce6ef42f520fbb98_0xa9d7b970f95477f38b4cac919247fcc3b3d77082
259,0xfbb1b73c4f0bda4f67dca266ce6ef42f520fbb98_0x20bb09f9a42d4b4290e918f5fd0e13f61c8f656d
260,0xfbb1b73c4f0bda4f67dca266ce6ef42f520fbb98_0x1a48f19110447ba0fe4de6ac232a0354e4d49544
261,0xfbb1b73c4f0bda4f67dca266ce6ef42f520fbb98_0x00831db837e786770da072496ddca15407aa423b
262,0xfbb1b73c4f0bda4f67dca266ce6ef42f520fbb98_0x4c9a0ba28dd93471583810ec2404e90d21bf6206
263,0xfbb1b73c4f0bda4f67dca266ce6ef42f520fbb98_0x065f9086313e11114a319745e02fc0670e2812c1
264,0xfbb1b73c4f0bda4f67dca266ce6ef42f520fbb98_0x8002c4cb67f1ce95469273bf605b645a78106cdb
265,0xfbb1b73c4f0bda4f67dca266ce6ef42f520fbb98_0x256269ce952ae1b0c5369aadc9235ea13765c65a
266,0xfbb1b73c4f0bda4f67dca266ce6ef42f520fbb98_0xcbfa630ac4fba6d7a235c154ea704c7468ae8733
267,0xfbb1b73c4f0bda4f67dca266ce6ef42f520fbb98_0x8290383de01d3e188754251d9188bd1b09077777
268,0xfbb1b73c4f0bda4f67dca266ce6ef42f520fbb98_0xcd88b8d9cfcabc19cd4ac9a5918e70e0189c3f52
269,0xfbb1b73c4f0bda4f67dca266ce6ef42f520fbb98_0x12ebbc6a4f957faf1090f41031131285610ebf1b
270,0xfbb1b73c4f0bda4f67dca266ce6ef42f520fbb98_0x4872457401227737350d891af3a63c59a0987e1f
271,0xfbb1b73c4f0bda4f67dca266ce6ef42f520fbb98_0x775e55d6bd2b636b50446986829931df7e2f4a58
272,0xfbb1b73c4f0bda4f67dca266ce6ef42f520fbb98_0x3a5fbfae39765a40e7d230ff25510e82fe5053a5
273,0xfbb1b73c4f0bda4f67dca266ce6ef42f520fbb98_0x062ddbc4960114a76b5e0e9a82f6fa32d12a5f1a
274,0xfbb1b73c4f0bda4f67dca266ce6ef42f520fbb98_0x3fde6c3f50f8888832cdc13263c22bb1debaff8d
275,0xfbb1b73c4f0bda4f67dca266ce6ef42f520fbb98_0x9c41779ceb73a76a9d54ba9ac0fb6bfe14386909
276,0xfbb1b73c4f0bda4f67dca266ce6ef42f520fbb98_0x8f122ebc5eb2294ca48f29c3982af90cb714cda2
277,0xfbb1b73c4f0bda4f67dca266ce6ef42f520fbb98_0x3783cfc8b3db315ffd9717a21d1d2a24a538f7db
278,0xfbb1b73c4f0bda4f67dca266ce6ef42f520fbb98_0xf41fff6d50dffa09db7155ad7001c745206a22da
279,0xfbb1b73c4f0bda4f67dca266ce6ef42f520fbb98_0x49bf981d2c228efcc98be5a2dc70cb66b0eb02c0
280,0xfbb1b73c4f0bda4f67dca266ce6ef42f520fbb98_0xca5a67febb7b22cd5df1796e44f711f2df8dde5d
281,0xfbb1b73c4f0bda4f67dca266ce6ef42f520fbb98_0x2208ec8da046d9097cab44662a3f37f56ace1a57
282,0xfbb1b73c4f0bda4f67dca266ce6ef42f520fbb98_0x0565ba1b62ef28607c1ba40e2b8b11c082571754
283,0xfbb1b73c4f0bda4f67dca266ce6ef42f520fbb98_0xecc8deccafd80b18bfd108318e262baa5e9b72ef
284,0xfbb1b73c4f0bda4f67dca266ce6ef42f520fbb98_0xc0b4189e4707da39e5e3ee2f388528623522e36f
285,0xfbb1b73c4f0bda4f67dca266ce6ef42f520fbb98_0xb49754a146e9e11af2b71262c7847f67a9e82fd7
286,0xfbb1b73c4f0bda4f67dca266ce6ef42f520fbb98_0xf5192bb37a65ac6398205da89c9a51ffb0e1f6e2
287,0xfbb1b73c4f0bda4f67dca266ce6ef42f520fbb98_0x209dc2d26b9d0d6f157f8cd8919d8892fbf00e59
288,0xfbb1b73c4f0bda4f67dca266ce6ef42f520fbb98_0x0be4aa10a707481771b9be58e1e3aa374b050e01
289,0xfbb1b73c4f0bda4f67dca266ce6ef42f520fbb98_0xd68562c800b8897204db387cde895b99d3c7a8cd
290,0xfbb1b73c4f0bda4f67dca266ce6ef42f520fbb98_0xcbb6d720e38533883beee9815463cf087af935b4
291,0xfbb1b73c4f0bda4f67dca266ce6ef42f520fbb98_0xa2a4710d4e0f76f500582eebee7ebfe0ea57a1e4
292,0xfbb1b73c4f0bda4f67dca266ce6ef42f520fbb98_0x457be7483132292e0527a45aa9c61f465bf2cf8e
293,0xfbb1b73c4f0bda4f67dca266ce6ef42f520fbb98_0xe260f46bccf184d103ad15bd4bba6904f6d3979d
294,0xfbb1b73c4f0bda4f67dca266ce6ef42f520fbb98_0x385ff84c57493d412c94d239f38afbe37e2e2b55
295,0xfbb1b73c4f0bda4f67dca266ce6ef42f520fbb98_0x1c8fd445ec328d5ad9805a4dedc29598185d70ad
296,0xfbb1b73c4f0bda4f67dca266ce6ef42f520fbb98_0xa787ea0a6b98614c25e0c00e1a0a608633c17436
297,0xfbb1b73c4f0bda4f67dca266ce6ef42f520fbb98_0xbb8d3c9bbe45d17b323269b2d64f66078cd087cd
298,0xfbb1b73c4f0bda4f67dca266ce6ef42f520fbb98_0x6b5e191e04efb4d4f8cb23c3aa64059fa9dbe816
299,0xfbb1b73c4f0bda4f67dca266ce6ef42f520fbb98_0x039357d3549578afdf7ef562737e0b720135a0e5
300,0xfbb1b73c4f0bda4f67dca266ce6ef42f520fbb98_0x38078308908f3a49ecb0f4342c8cb9e97f2d7594
301,0xfbb1b73c4f0bda4f67dca266ce6ef42f520fbb98_0x8ed3e4c5c6791b898a32ebac1ecd0f2c45765f15
302,0xfbb1b73c4f0bda4f67dca266ce6ef42f520fbb98_0x4d6275326f61db36b6b57ca2121ae16a5d99c6e6
303,0xfbb1b73c4f0bda4f67dca266ce6ef42f520fbb98_0x647f81774dfc4fc37f7b8364c3fd72c964843f70
304,0xfbb1b73c4f0bda4f67dca266ce6ef42f520fbb98_0x846bb94d7dd88260c498ced3e6b4acde10731b57
305,0xfbb1b73c4f0bda4f67dca266ce6ef42f520fbb98_0xcb8a03674aa31c84ac3cb372cd960e79d61b1725
306,0xfbb1b73c4f0bda4f67dca266ce6ef42f520fbb98_0x474acef8dbf82be9ec306ddd840a5fa4febbabfb
307,0xfbb1b73c4f0bda4f67dca266ce6ef42f520fbb98_0x0493c6c07b1fe4af0193b7145c7feff9cb10e0ce
308,0xfbb1b73c4f0bda4f67dca266ce6ef42f520fbb98_0x87d23c2a9f3e87557f10a4e479ffbb24a0128d4a
309,0xfbb1b73c4f0bda4f67dca266ce6ef42f520fbb98_0xbb701b920aa9244505a7a7922186441f5e7c623a
310,0xfbb1b73c4f0bda4f67dca266ce6ef42f520fbb98_0xcdf356243ab53d46cc5e9d94868b933cd4a9444b
311,0xfbb1b73c4f0bda4f67dca266ce6ef42f520fbb98_0xa4d611395f4ddc3c36cd1cea1ec5f5f7642955dc
312,0xfbb1b73c4f0bda4f67dca266ce6ef42f520fbb98_0x76a5e9033548cd4c92a2891a2e13ec019c9b7384
313,0xfbb1b73c4f0bda4f67dca266ce6ef42f520fbb98_0x438f499f405dc163d73e045fac8830cfcf23bfa9
314,0xfbb1b73c4f0bda4f67dca266ce6ef42f520fbb98_0xdd46b0a0b49e40f3c10960faf32e55d31af3e0ab
315,0xfbb1b73c4f0bda4f67dca266ce6ef42f520fbb98_0xe95df1205e16472bbbec8f17c43313266c3e94f9
316,0xfbb1b73c4f0bda4f67dca266ce6ef42f520fbb98_0x0b6435ddf12093801c9d3e069f9bdf7fe2906080
317,0xfbb1b73c4f0bda4f67dca266ce6ef42f520fbb98_0x7cb65739013ffaef7ef3e063857efe31038140b1
318,0xfbb1b73c4f0bda4f67dca266ce6ef42f520fbb98_0x53ddc42431ca10979bb3bee15635de5c83d90ff9
319,0xfbb1b73c4f0bda4f67dca266ce6ef42f520fbb98_0xaf4392cef30ce92c2575c8d361caa4dddd9cb79d
320,0xfbb1b73c4f0bda4f67dca266ce6ef42f520fbb98_0xbb59d5ec982912ff85fb16671cb1e14c7febfa46
321,0xfbb1b73c4f0bda4f67dca266ce6ef42f520fbb98_0xe584791d96ae020bc91b919e69d524137077110c
322,0xfbb1b73c4f0bda4f67dca266ce6ef42f520fbb98_0x3bbb2b607a8e9cab44b76565d2f23e24b2ec53e0
323,0xfbb1b73c4f0bda4f67dca266ce6ef42f520fbb98_0x7978e1c7db990105880354e43f2f8500d95d9909
324,0xfbb1b73c4f0bda4f67dca266ce6ef42f520fbb98_0xac8125e1838196ac4d8e097adc05940365a48d1b
325,0xfbb1b73c4f0bda4f67dca266ce6ef42f520fbb98_0x3e7752cc085edce9365edc9e686e7cfa48198172
326,0xfbb1b73c4f0bda4f67dca266ce6ef42f520fbb98_0x8559124277c40f334b937ea4a81cad19a389fa49
327,0xfbb1b73c4f0bda4f67dca266ce6ef42f520fbb98_0x5021d2806eab6ff4169eaca4b0c52148a01f819b
328,0xfbb1b73c4f0bda4f67dca266ce6ef42f520fbb98_0xb3a6d8ee93ee2de3c05ec3d625506fcb34273787
329,0xfbb1b73c4f0bda4f67dca266ce6ef42f520fbb98_0xc5bddcc838deb78a60a0e26b4d8a104da904b07a
330,0xfbb1b73c4f0bda4f67dca266ce6ef42f520fbb98_0x5ea4db96f8fc2fcb5b478e3db4ac12abb197eeb8
331,0xfbb1b73c4f0bda4f67dca266ce6ef42f520fbb98_0x16fe7ef97f036079e9f889779defc23d0484a10a
332,0xfbb1b73c4f0bda4f67dca266ce6ef42f520fbb98_0x7b608bd4ea597972754eda8c6dbdf9c1b32e12ff
333,0xfbb1b73c4f0bda4f67dca266ce6ef42f520fbb98_0x4057a835ec37c0823b1e9f7e87149f75bbbdff7e
334,0xfbb1b73c4f0bda4f67dca266ce6ef42f520fbb98_0x5a0f0935e8e5591b2f9f2d55f29c626b50292088
335,0xfbb1b73c4f0bda4f67dca266ce6ef42f520fbb98_0xe5043d4b11536405f430c7e8323094c33bad8d8b
336,0xfbb1b73c4f0bda4f67dca266ce6ef42f520fbb98_0x9419bde11dbbae4ff7f9b5510acb1a4b44e652ac
337,0xfbb1b73c4f0bda4f67dca266ce6ef42f520fbb98_0x00f34851dc59114dee9fd85356361933d716451d
338,0xfbb1b73c4f0bda4f67dca266ce6ef42f520fbb98_0x9a934de56f9b698d8e4676f34c8ab0816e1ea12a
339,0xfbb1b73c4f0bda4f67dca266ce6ef42f520fbb98_0x72bb27cb99f3e2c2cf90a98f707d30e4a201a071
340,0xfbb1b73c4f0bda4f67dca266ce6ef42f520fbb98_0xb9fb9b889521813675d59c1e22be4f35023e8432
341,0xfbb1b73c4f0bda4f67dca266ce6ef42f520fbb98_0x2a181ed7b07d0ac619ff351d9fa3e213433c3fb3
342,0xfbb1b73c4f0bda4f67dca266ce6ef42f520fbb98_0xeb49366575321e169e0d05372378e6c780a15cc3
343,0xfbb1b73c4f0bda4f67dca266ce6ef42f520fbb98_0xadabfbf6e7f36b321a048830ead9fb718585d5d0
344,0xfbb1b73c4f0bda4f67dca266ce6ef42f520fbb98_0xb81fbcaca3f54aec9b108ed431b5242617ea0681
345,0xfbb1b73c4f0bda4f67dca266ce6ef42f520fbb98_0x55c0f0fec77520ee597ae3c538cdcec5cb6db828
346,0xfbb1b73c4f0bda4f67dca266ce6ef42f520fbb98_0x422b908f38dfea12f9e358f864335be42704c1f5
347,0xfbb1b73c4f0bda4f67dca266ce6ef42f520fbb98_0x82da9cc0c512e2c44e7501f3bcca0ff7a753a02a
348,0xfbb1b73c4f0bda4f67dca266ce6ef42f520fbb98_0x5a5b42b0bb54ee1565557a8adf518c56019f1301
349,0xfbb1b73c4f0bda4f67dca266ce6ef42f520fbb98_0xaa5b0bf4ec014cb849072a8ed6d918c358e591c4
350,0xfbb1b73c4f0bda4f67dca266ce6ef42f520fbb98_0x01e8d3dfac45e467febb831e36ac224fc1ba7111
351,0xfbb1b73c4f0bda4f67dca266ce6ef42f520fbb98_0x86b105512a1869a86d1c28ec339cbd1c5a3ebd4b
352,0xfbb1b73c4f0bda4f67dca266ce6ef42f520fbb98_0xefd30a26481ea1fb8d471379e32195398c940673
353,0xfbb1b73c4f0bda4f67dca266ce6ef42f520fbb98_0x444dc0ce10bd7321689dd12315e8e0a9644a2c0c
354,0xfbb1b73c4f0bda4f67dca266ce6ef42f520fbb98_0x64f4fd210ca536eedd6f7eeb8b35b4e4ce3b6de2
355,0xfbb1b73c4f0bda4f67dca266ce6ef42f520fbb98_0xa3031289381ed81cf78ae5444ea6256ed70d78f1
356,0xfbb1b73c4f0bda4f67dca266ce6ef42f520fbb98_0x50c1d8870a923480993072e7ff726ea0bc167bdf
357,0xfbb1b73c4f0bda4f67dca266ce6ef42f520fbb98_0xbdee88814d925fa25e70c8f06093033701dd1e45
358,0xfbb1b73c4f0bda4f67dca266ce6ef42f520fbb98_0x4b40f5593cea76a4b183fdad7835c23ae504fb05
359,0xfbb1b73c4f0bda4f67dca266ce6ef42f520fbb98_0x3b0a6fee2a0a29c6f29ea251bc3685bc515b4f6c
360,0xfbb1b73c4f0bda4f67dca266ce6ef42f520fbb98_0x81fd27d172d402adb759f8efd0ccbd13cd1e2384
361,0xfbb1b73c4f0bda4f67dca266ce6ef42f520fbb98_0xdc36aa8a5605731835db9f4f544d525f1c6dd731
362,0xfbb1b73c4f0bda4f67dca266ce6ef42f520fbb98_0xa2d7dc37387f680e277b952ff1ce964e57da41ef
363,0xfbb1b73c4f0bda4f67dca266ce6ef42f520fbb98_0x6934e4839d59dea0583b03643ecb8c10d6b150fc
364,0xfbb1b73c4f0bda4f67dca266ce6ef42f520fbb98_0xe1673f26bc87ae8ea98155f833b20016eec1deb7
365,0xfbb1b73c4f0bda4f67dca266ce6ef42f520fbb98_0xe7bfed1072c0a887a6c075626daa8616169e9f6a
366,0xfbb1b73c4f0bda4f67dca266ce6ef42f520fbb98_0x948d1db39d7114e0939bb864c05e6a9a4aec8a22
367,0xfbb1b73c4f0bda4f67dca266ce6ef42f520fbb98_0x92b47a8f6fa83af56ebeb38429bc2382f339f7b3
368,0xfbb1b73c4f0bda4f67dca266ce6ef42f520fbb98_0x06bf1f25a7ab4ac8245eec71ae08250e755ee205
369,0xfbb1b73c4f0bda4f67dca266ce6ef42f520fbb98_0x90714f3b8bbea91ffc82ff6e10b83847e7506c34
370,0xfbb1b73c4f0bda4f67dca266ce6ef42f520fbb98_0x894dc1e532a5320bd6964c43a98b9bfd4d07e96d
371,0xfbb1b73c4f0bda4f67dca266ce6ef42f520fbb98_0xff45159c63fb01f45cd86767a020406f06faa852
372,0xfbb1b73c4f0bda4f67dca266ce6ef42f520fbb98_0x78fcb69c4d9878ee4c8ad803c2d2bf05f93c7f1f
373,0xfbb1b73c4f0bda4f67dca266ce6ef42f520fbb98_0x82e3c926f4cc140068d5cc71e82f8fb29576dfff
374,0xfbb1b73c4f0bda4f67dca266ce6ef42f520fbb98_0xf2c92a770ce632d5ba6b60b70f16104778aa0f04
375,0xfbb1b73c4f0bda4f67dca266ce6ef42f520fbb98_0x401dbd331bbfcf8d631e18de30e8359428a105bc
376,0xfbb1b73c4f0bda4f67dca266ce6ef42f520fbb98_0x3313fce233f7592f4f3960b627d96dc492f77856
377,0xfbb1b73c4f0bda4f67dca266ce6ef42f520fbb98_0x347083b807d49049b0e15cd4dedcb35af46a09fe
378,0xfbb1b73c4f0bda4f67dca266ce6ef42f520fbb98_0x7bc557a9fccf4514fe4ec46de875d2aad8b78b7c
379,0xfbb1b73c4f0bda4f67dca266ce6ef42f520fbb98_0xbe14216b51838dcc2cc939b5a267437d675b27bc
380,0xfbb1b73c4f0bda4f67dca266ce6ef42f520fbb98_0x05c1c33d3e3740a2835c2fcb493837379c253172
381,0xfbb1b73c4f0bda4f67dca266ce6ef42f520fbb98_0xb54f7fbac840c204860569c5a682249976e0fa67
382,0xfbb1b73c4f0bda4f67dca266ce6ef42f520fbb98_0x25d3ee888022b06fd56b0a61d65dd4dcbe7948bd
383,0xfbb1b73c4f0bda4f67dca266ce6ef42f520fbb98_0x48d82bfef6a938df4edbb36c8c27cd872d5021ab
384,0xfbb1b73c4f0bda4f67dca266ce6ef42f520fbb98_0x9d4ef7238d6d854bab7503470c935c5ba1174341
385,0xfbb1b73c4f0bda4f67dca266ce6ef42f520fbb98_0x2738c79c2ffbb3a5681451dbac75260935dbad67
386,0xfbb1b73c4f0bda4f67dca266ce6ef42f520fbb98_0xe9182f1419379eadca7857f809771a5c959f7028
387,0xfbb1b73c4f0bda4f67dca266ce6ef42f520fbb98_0x0d50ae810ed01f0575d54f74ba99a971d5064b0d
388,0xfbb1b73c4f0bda4f67dca266ce6ef42f520fbb98_0x7d84abf0f241b10927b567bd636d95fa9f66ae34
389,0xfbb1b73c4f0bda4f67dca266ce6ef42f520fbb98_0xa7e96aacfab4b04859a8e59a5e3cf49858005526
390,0xfbb1b73c4f0bda4f67dca266ce6ef42f520fbb98_0xd94eb7ad2c4b4fab8416e4b042ae5a35db548d16
391,0xfbb1b73c4f0bda4f67dca266ce6ef42f520fbb98_0xc1ed2e2c4ccd11808302e44ab95861721a448293
392,0xfbb1b73c4f0bda4f67dca266ce6ef42f520fbb98_0xc928f2b678c8f67324e3c572ffef4f645b1f3bf9
393,0xfbb1b73c4f0bda4f67dca266ce6ef42f520fbb98_0xee0eb0212f83eabbdd99f52af90bbec46df676dd
394,0xfbb1b73c4f0bda4f67dca266ce6ef42f520fbb98_0x07a7361d4b1d7ef8346edb5ccb0587401736dc47
395,0xfbb1b73c4f0bda4f67dca266ce6ef42f520fbb98_0x479af32de06fca898d6f1fb37a41225496a9357a
396,0xfbb1b73c4f0bda4f67dca266ce6ef42f520fbb98_0xa6b87bcfc97e042d6e878ab37468d700bef38303
397,0xfbb1b73c4f0bda4f67dca266ce6ef42f520fbb98_0xa2653d687dff3fc2f152f2a598f656ffc0b61cba
398,0xfbb1b73c4f0bda4f67dca266ce6ef42f520fbb98_0x2e5f678c6dae8820d05233751c7df3d6927cd3d8
399,0xfbb1b73c4f0bda4f67dca266ce6ef42f520fbb98_0xcc5e1ebd9231ad0b712c3ef6b934489a12b2cec0
400,0xfbb1b73c4f0bda4f67dca266ce6ef42f520fbb98_0x604e15595d740045862430432a5dddd74b0fb146
401,0xfbb1b73c4f0bda4f67dca266ce6ef42f520fbb98_0x5d5cedb1e45c9303b5f4c7eb72a6331d81d63ce9
402,0xfbb1b73c4f0bda4f67dca266ce6ef42f520fbb98_0x6d90ddce4067c97b9bd673b9d1a15d2594c39f7c
403,0xfbb1b73c4f0bda4f67dca266ce6ef42f520fbb98_0xfa1fa33bc9cbd7b8217c58173411fec56195901d
404,0xfbb1b73c4f0bda4f67dca266ce6ef42f520fbb98_0xa06149d0cf5c756181849795ef004de384b75506
405,0xfbb1b73c4f0bda4f67dca266ce6ef42f520fbb98_0x715831b632c51081b507af551f534a50fcbb3690
406,0xfbb1b73c4f0bda4f67dca266ce6ef42f520fbb98_0xed7299c4db6e706d1373710bb485c7b9f25848b1
407,0xfbb1b73c4f0bda4f67dca266ce6ef42f520fbb98_0x798ec10ba9206b974bdbec22891684df4a725caa
408,0xfbb1b73c4f0bda4f67dca266ce6ef42f520fbb98_0x5d1d52d93c32fb3966f6918ef1f5dda62e5c400e
409,0xfbb1b73c4f0bda4f67dca266ce6ef42f520fbb98_0x72e96a5a7b3a383792ca565cb432ebd9e0d68cca
410,0xfbb1b73c4f0bda4f67dca266ce6ef42f520fbb98_0x1a64bd5593c9d4d0ee13e5fe197f1262ae9a933e
411,0xfbb1b73c4f0bda4f67dca266ce6ef42f520fbb98_0x37a0386d75dd9e738eb41848ad891f1cdb6fa53d
412,0xfbb1b73c4f0bda4f67dca266ce6ef42f520fbb98_0x8f49eb43252504d1975a053b29014b889990ea7f
413,0xfbb1b73c4f0bda4f67dca266ce6ef42f520fbb98_0x76a018dec7ed4ddd249a8de5f5ac220e7574b292
414,0xfbb1b73c4f0bda4f67dca266ce6ef42f520fbb98_0x3d032cba283bdf5f5ff23d4d99e19b735d3df90c
415,0xfbb1b73c4f0bda4f67dca266ce6ef42f520fbb98_0x89ed990011f885f2d7c6fb1b3f86921a45a6a3b9
416,0xfbb1b73c4f0bda4f67dca266ce6ef42f520fbb98_0x145f611ab9f777f68e2d86ffd79e74c37867962b
417,0xfbb1b73c4f0bda4f67dca266ce6ef42f520fbb98_0x0d8a4d3461171df9f71a75995401a3ad06487bf3
418,0xfbb1b73c4f0bda4f67dca266ce6ef42f520fbb98_0xeab399c9bab366117160ab3ebc84dd7efdb9e35f
419,0xfbb1b73c4f0bda4f67dca266ce6ef42f520fbb98_0xfcc300d7c299df0ca19e22700dc38f248bcc7e55
420,0xfbb1b73c4f0bda4f67dca266ce6ef42f520fbb98_0xb1fe5d0f4c2c162ad2c7953c7da5b456d37a6379
421,0xfbb1b73c4f0bda4f67dca266ce6ef42f520fbb98_0xbc72f4cecec513780d3d3921332af2d741f79adc
422,0xfbb1b73c4f0bda4f67dca266ce6ef42f520fbb98_0xd042e5c2443591c48f1fba5f6baf8e7193f454b9
423,0xfbb1b73c4f0bda4f67dca266ce6ef42f520fbb98_0x0da56bbdb4d463a034654ae30e7d2b9dfcec12c6
424,0xfbb1b73c4f0bda4f67dca266ce6ef42f520fbb98_0x6d84916bee8b6f9d16746f5d596c0173408c789c
425,0xfbb1b73c4f0bda4f67dca266ce6ef42f520fbb98_0xbdbfbca32c20d5c5bdf813426b3b508772c55112
426,0xfbb1b73c4f0bda4f67dca266ce6ef42f520fbb98_0x99c2cd10f7483d6b0118b172ca5a810f66453f4e
427,0xfbb1b73c4f0bda4f67dca266ce6ef42f520fbb98_0x7bfce55b63bd48e969a8d193628781a330ed1d24
428,0xfbb1b73c4f0bda4f67dca266ce6ef42f520fbb98_0xafb6763055b2e81ac195d0997bcc180600e3cfea
429,0xfbb1b73c4f0bda4f67dca266ce6ef42f520fbb98_0x29fb2ca00f91f16b065ef332ac7948d4cc16a065
430,0xfbb1b73c4f0bda4f67dca266ce6ef42f520fbb98_0x32068e7eb180c406930f168cdb3a30b73781b450
431,0xfbb1b73c4f0bda4f67dca266ce6ef42f520fbb98_0xefc3d92e3a259a0735f007b07e63a771a3cba2c4
432,0xfbb1b73c4f0bda4f67dca266ce6ef42f520fbb98_0xf2385e979f81d51e0c464add3a191c1fedae256f
433,0xfbb1b73c4f0bda4f67dca266ce6ef42f520fbb98_0xc5d2dd8b399b67d857ed6d91bbe26f0702f7cd34
434,0xfbb1b73c4f0bda4f67dca266ce6ef42f520fbb98_0x9bdfd1dbba369663f43d59bbf3a8de0bc3f9f269
435,0xfbb1b73c4f0bda4f67dca266ce6ef42f520fbb98_0x6343ac3f15c925acd28bbf799a138781e4cb692f
436,0xfbb1b73c4f0bda4f67dca266ce6ef42f520fbb98_0x5d02c47bdd5983be299d0158efe0704fc1b04649
437,0xfbb1b73c4f0bda4f67dca266ce6ef42f520fbb98_0x9480e182898c6417bee0fd5086b25f68e0591d9c
438,0xfbb1b73c4f0bda4f67dca266ce6ef42f520fbb98_0x76c7a274d48fa065a795a71a6d845f2d91d3333b
439,0xfbb1b73c4f0bda4f67dca266ce6ef42f520fbb98_0xfeed91416536fda9e0cc67a4490d1df305838862
440,0xfbb1b73c4f0bda4f67dca266ce6ef42f520fbb98_0xe25abcff368d37fddedcd7f73de0bea0362a057f
441,0xfbb1b73c4f0bda4f67dca266ce6ef42f520fbb98_0xb4a9c47d4182b60b07a31d310ceda8105a1122c4
442,0xfbb1b73c4f0bda4f67dca266ce6ef42f520fbb98_0x9e710f9c19344f225606259b007c14304208eb81
443,0xfbb1b73c4f0bda4f67dca266ce6ef42f520fbb98_0x235799704a3fa2e2b752376fe616317889fc6dbf
444,0xfbb1b73c4f0bda4f67dca266ce6ef42f520fbb98_0x72d784e8bfd03b8f9981c2de6c84c1f4b4e49613
445,0xfbb1b73c4f0bda4f67dca266ce6ef42f520fbb98_0x583145acd5531c9a606625f19a1d969ed7c1e78a
446,0xfbb1b73c4f0bda4f67dca266ce6ef42f520fbb98_0x83bc566bfa5a64963fb76663631ec5e7cbd6f924
447,0xfbb1b73c4f0bda4f67dca266ce6ef42f520fbb98_0x9ffbb1e347dbd7daa69d5270b5d3ef8e62b0e8c2
448,0xfbb1b73c4f0bda4f67dca266ce6ef42f520fbb98_0x289b9ba6dc9c12d3130f1115180397c20ccbf220
449,0xfbb1b73c4f0bda4f67dca266ce6ef42f520fbb98_0x4230ce59fcd01c81b782acc049169200d739231d
450,0xfbb1b73c4f0bda4f67dca266ce6ef42f520fbb98_0x88d9bf484ef93c34952fe71d466058df59a0dfa9
451,0xfbb1b73c4f0bda4f67dca266ce6ef42f520fbb98_0x795ea332dcb00b28e5c778f1603632e8b7689dc4
452,0xfbb1b73c4f0bda4f67dca266ce6ef42f520fbb98_0xb353844c2eea8c2b5a003070254ab053735bf1ab
453,0xfbb1b73c4f0bda4f67dca266ce6ef42f520fbb98_0x088e3c47e9ef10a3fef3de83a75be9b13c05ed28
454,0xfbb1b73c4f0bda4f67dca266ce6ef42f520fbb98_0xa5e71549b3880956a3d208e251f622713344a9b5
455,0xfbb1b73c4f0bda4f67dca266ce6ef42f520fbb98_0x19ac3dbca9c9b93c98d9345000ed17012e09dd10
456,0xfbb1b73c4f0bda4f67dca266ce6ef42f520fbb98_0x1f395c2a614728feca143619fab96291ab7e5d1c
457,0xfbb1b73c4f0bda4f67dca266ce6ef42f520fbb98_0x9c668fd8b6979c65b0d9edc199c5779b87cba287
458,0xfbb1b73c4f0bda4f67dca266ce6ef42f520fbb98_0x42f9d2e65355b67d46180c1c73b747eeada5e9fe
459,0xfbb1b73c4f0bda4f67dca266ce6ef42f520fbb98_0x5ada3743144f1235d8cef97daad6c123f20e7330
460,0xfbb1b73c4f0bda4f67dca266ce6ef42f520fbb98_0xfb319e7e84449ebabaad71a6dc114ba644924db2
461,0xfbb1b73c4f0bda4f67dca266ce6ef42f520fbb98_0x5535cfdf3ef43f0560376e347c1f00b56832a8e5
462,0xfbb1b73c4f0bda4f67dca266ce6ef42f520fbb98_0x9ac5a5b3c15e26f49cf387f900943d848043e4fe
463,0xfbb1b73c4f0bda4f67dca266ce6ef42f520fbb98_0x5da8f7f0c6a4561d2d8ae1491a0d3d8efc837957
464,0xfbb1b73c4f0bda4f67dca266ce6ef42f520fbb98_0x8af330199d2585255406792c69713f45ccff6e9d
465,0xfbb1b73c4f0bda4f67dca266ce6ef42f520fbb98_0xde8594e80c6476952d992f6b0cd7e14af8ec55a6
466,0xfbb1b73c4f0bda4f67dca266ce6ef42f520fbb98_0xb35667d0228a1dd3daa75967b0b0527ab8bf161d
467,0xfbb1b73c4f0bda4f67dca266ce6ef42f520fbb98_0xb9b3fb6f39aa2067ee6e7130601bd8acb235735a
468,0xfbb1b73c4f0bda4f67dca266ce6ef42f520fbb98_0x3b5d6602e1e37fee1df2d827de2b90cbec96ef29
469,0xfbb1b73c4f0bda4f67dca266ce6ef42f520fbb98_0xe3011351f4846139f59701064977639834231b05
470,0xfbb1b73c4f0bda4f67dca266ce6ef42f520fbb98_0x8a4c0c5bc758b12f60aaea0ec06d21405201f1ef
471,0xfbb1b73c4f0bda4f67dca266ce6ef42f520fbb98_0x80fc68cb5d38475be8f24b9235f7aaa1f6c87871
472,0xfbb1b73c4f0bda4f67dca266ce6ef42f520fbb98_0x18b0b0b3abb0814166cdb714a88e127fe0fd2c86
473,0xfbb1b73c4f0bda4f67dca266ce6ef42f520fbb98_0x2a0776a97b13908406ea23ad1947dc57ef00f50b
474,0xfbb1b73c4f0bda4f67dca266ce6ef42f520fbb98_0x2293d685ba686c9a3218cad7b74315d783bac875
475,0xfbb1b73c4f0bda4f67dca266ce6ef42f520fbb98_0x8bb3738661f0c2ccfb3bf51ef0a20e2ddb4b2e17
476,0xfbb1b73c4f0bda4f67dca266ce6ef42f520fbb98_0xe26b2a771182f90b11c797bbc85c74a9870da5da
477,0xfbb1b73c4f0bda4f67dca266ce6ef42f520fbb98_0x62e3ea95876b3b1f30266a8841d3b6a510a37da2
478,0xfbb1b73c4f0bda4f67dca266ce6ef42f520fbb98_0xcf88a0055465ce81419a7d1f50e02199d9594b03
479,0xfbb1b73c4f0bda4f67dca266ce6ef42f520fbb98_0xb2d74e80e5430e64029f154e27e69cd7a1a8170c
480,0xfbb1b73c4f0bda4f67dca266ce6ef42f520fbb98_0xac164bbb6bf6ab7c0524e0a49ff2ddab9c6e86c0
481,0xfbb1b73c4f0bda4f67dca266ce6ef42f520fbb98_0x5bebc02e4cdf3e92b5a2947cfd1430c4ebba4039
482,0xfbb1b73c4f0bda4f67dca266ce6ef42f520fbb98_0x64bb7b8392103d04058d972b8e6ece6348a743e1
483,0xfbb1b73c4f0bda4f67dca266ce6ef42f520fbb98_0x7ba1a78adf594d0b3d24b922e0eb1b3458e56487
484,0xfbb1b73c4f0bda4f67dca266ce6ef42f520fbb98_0xadf5f7b1125a03a6f30b3dd1aa20d1b09f1a5fe8
485,0xfbb1b73c4f0bda4f67dca266ce6ef42f520fbb98_0x41f255cfb9f31367eec4074030f34793b47ef090
486,0xfbb1b73c4f0bda4f67dca266ce6ef42f520fbb98_0xec1ebac9da3430213281c80fa6d46378341a96ae
487,0xfbb1b73c4f0bda4f67dca266ce6ef42f520fbb98_0xc05477ab97f838927a0b3c398960457230f69378
488,0xfbb1b73c4f0bda4f67dca266ce6ef42f520fbb98_0x22dd493315ea74eba8507e967e83fcd389ed7e25
489,0xfbb1b73c4f0bda4f67dca266ce6ef42f520fbb98_0xd12cd8a37f074e7eafae618c986ff825666198bd
490,0xfbb1b73c4f0bda4f67dca266ce6ef42f520fbb98_0xc5364bcf618efc85600ea64ae7cdf71dacd46934
491,0xfbb1b73c4f0bda4f67dca266ce6ef42f520fbb98_0x378a4b47b1c1295b5389dac3458dfdc291c1d703
492,0xfbb1b73c4f0bda4f67dca266ce6ef42f520fbb98_0xffabfe9fa1d8b70c1ab1105d87459fd5a72dbd13
493,0xfbb1b73c4f0bda4f67dca266ce6ef42f520fbb98_0x9650e88e9394182b3e34827aee7fc37272389373
494,0xfbb1b73c4f0bda4f67dca266ce6ef42f520fbb98_0x2cbebe7621e5830b837d44141905bdfa4c9e1b59
495,0xfbb1b73c4f0bda4f67dca266ce6ef42f520fbb98_0xb567a60921a22183d76399eb77486fa73dedd000
496,0xfbb1b73c4f0bda4f67dca266ce6ef42f520fbb98_0xeeb842b978a52b4d78c85bd019f2484775cb6735
497,0xfbb1b73c4f0bda4f67dca266ce6ef42f520fbb98_0xea56f27f5b33c52940d168501e1ef0d7ee6a1581
498,0xfbb1b73c4f0bda4f67dca266ce6ef42f520fbb98_0x8883f0c513e4dfc4c2d434b26076a4d874054fd0
499,0xfbb1b73c4f0bda4f67dca266ce6ef42f520fbb98_0x10c4712a317a10f60fe9347b199400d6baa89558
500,0xfbb1b73c4f0bda4f67dca266ce6ef42f520fbb98_0xacdbebad55315e9b66ae183159d96b3a8c2cb4aa
501,0xfbb1b73c4f0bda4f67dca266ce6ef42f520fbb98_0xca108b3f179ec5f54d284d96dc43b1db30c61652
502,0xfbb1b73c4f0bda4f67dca266ce6ef42f520fbb98_0x3668a45e28edd089fcbe31209de076cef5f06501
503,0xfbb1b73c4f0bda4f67dca266ce6ef42f520fbb98_0xa597e072e4c23e25130a155af6d823c6c060d2fb
504,0xfbb1b73c4f0bda4f67dca266ce6ef42f520fbb98_0xa508874d3930779859fe8f0332f048cb836e863c
505,0xfbb1b73c4f0bda4f67dca266ce6ef42f520fbb98_0xbb95aeb246e62cc5e2c33bf77b0ea6de3618eabf
506,0xfbb1b73c4f0bda4f67dca266ce6ef42f520fbb98_0x7dce31655e2bb9f931f7f86cedf00dfcc66bce3f
507,0xfbb1b73c4f0bda4f67dca266ce6ef42f520fbb98_0x5521f943331673c030a1a3c3c0c70711c350d524
508,0xfbb1b73c4f0bda4f67dca266ce6ef42f520fbb98_0x3b09efc81d5e3f72737b4063883ceddfbc79ae88
509,0xfbb1b73c4f0bda4f67dca266ce6ef42f520fbb98_0xb17ab1c59ec372a8c520f4efbf6556bb0337f090
510,0xfbb1b73c4f0bda4f67dca266ce6ef42f520fbb98_0xe3b11bde49ac12d049264f1992cd2a12f9e6929c
511,0xfbb1b73c4f0bda4f67dca266ce6ef42f520fbb98_0xc8224326e29ed30aeec1b70ec238a818169ecaba
512,0xfbb1b73c4f0bda4f67dca266ce6ef42f520fbb98_0x1ee96bfcc664c0d4430267bdad17a38946655ee3
513,0xfbb1b73c4f0bda4f67dca266ce6ef42f520fbb98_0x0d28c73d7ac3db0e160ae66b8c003a20f7287615
514,0xfbb1b73c4f0bda4f67dca266ce6ef42f520fbb98_0xde7719fdef6df91eb24e83633cab0fe29fc3ecb9
515,0xfbb1b73c4f0bda4f67dca266ce6ef42f520fbb98_0xd2922f94cf946a2de0c0f7e3d3560d2dcb1c2931
516,0xfbb1b73c4f0bda4f67dca266ce6ef42f520fbb98_0x2f0ca050fc765ca22c752a40a74fc981bb40d63e
517,0xfbb1b73c4f0bda4f67dca266ce6ef42f520fbb98_0xc93a69dfc0fb3e867d9207599f7fe87d51619635
518,0xfbb1b73c4f0bda4f67dca266ce6ef42f520fbb98_0xfaaa8ea0f981c0be179137bd50700d2d69306297
519,0xfbb1b73c4f0bda4f67dca266ce6ef42f520fbb98_0x5eafe8996c094c88bd5178910cf3a78a24af56bd
520,0xfbb1b73c4f0bda4f67dca266ce6ef42f520fbb98_0x62f1389439e6ac68863a08d2eef7f2bc9f89255a
521,0xfbb1b73c4f0bda4f67dca266ce6ef42f520fbb98_0x2e2977dbf81debb968256c98aa66c3a896eff427
522,0xfbb1b73c4f0bda4f67dca266ce6ef42f520fbb98_0x69e04595e90d5f762261956a315f3d8216416868
523,0xfbb1b73c4f0bda4f67dca266ce6ef42f520fbb98_0xc290db40c0f813c54ba9f8efcdff740f37d31cd7
524,0xfbb1b73c4f0bda4f67dca266ce6ef42f520fbb98_0x25e7032dff7d436938e6a84fb1d10c916facb1c5
525,0xfbb1b73c4f0bda4f67dca266ce6ef42f520fbb98_0x6bf4181db31ed1c38500284215c6712c643122a4
526,0xfbb1b73c4f0bda4f67dca266ce6ef42f520fbb98_0xad808a5dd44c09f15d2cc2be76496fa03adf0337
527,0xfbb1b73c4f0bda4f67dca266ce6ef42f520fbb98_0x53ec61f7f0fefae963ce7d7ffc53592a3a09b1d5
528,0xfbb1b73c4f0bda4f67dca266ce6ef42f520fbb98_0xfab8a8ee36f0128218c81aec0215e2a90ce8a088
529,0xfbb1b73c4f0bda4f67dca266ce6ef42f520fbb98_0x1e94b2163659fcc3da728c747ebffb8ac3bf360a
530,0xfbb1b73c4f0bda4f67dca266ce6ef42f520fbb98_0x8224ec27ed526e48cbaba8cb603b1d092e210ebb
531,0xfbb1b73c4f0bda4f67dca266ce6ef42f520fbb98_0x2d724b1ed30cb87f1aa4f6c6792b4d69b75499b4
532,0xfbb1b73c4f0bda4f67dca266ce6ef42f520fbb98_0x7a682df2df4f4c20ab10cc02fc5b3fe989522496
533,0xfbb1b73c4f0bda4f67dca266ce6ef42f520fbb98_0xccab09b03345c274ffb8ee94090c0c16a47c13ee
534,0xfbb1b73c4f0bda4f67dca266ce6ef42f520fbb98_0x1c2ea04f73ce08d8e2298c1decbb72cef8b66831
535,0xfbb1b73c4f0bda4f67dca266ce6ef42f520fbb98_0x30390c39c0edf8b9592f21dd0764e0fd78f30814
536,0xfbb1b73c4f0bda4f67dca266ce6ef42f520fbb98_0xd6454082e075568b62515a5073fccb531a20aee8
537,0xfbb1b73c4f0bda4f67dca266ce6ef42f520fbb98_0xa0625625e565687aca387712f4b477b805bde060
538,0xfbb1b73c4f0bda4f67dca266ce6ef42f520fbb98_0xa21e0cf3793cf75d63930696158e4474af8383ba
539,0xfbb1b73c4f0bda4f67dca266ce6ef42f520fbb98_0xbf7b0e43c329d2cd6864dd8f81c0d79cd2134297
540,0xfbb1b73c4f0bda4f67dca266ce6ef42f520fbb98_0x007b9fc31905b4994b04c9e2cfdc5e2770503f42
541,0xfbb1b73c4f0bda4f67dca266ce6ef42f520fbb98_0x07dd70022ccc35ceb4e94c298f2c3379a910beb6
542,0xfbb1b73c4f0bda4f67dca266ce6ef42f520fbb98_0xefe17ff8adef2bda8a2a4e704fb878cbe3cc6d77
543,0xfbb1b73c4f0bda4f67dca266ce6ef42f520fbb98_0x97dbb222ad19aa5973b556ce1215f0dff0ccfede
544,0xfbb1b73c4f0bda4f67dca266ce6ef42f520fbb98_0x9a016fc648da077174edb5bca059babc5ee2dbe6
545,0xfbb1b73c4f0bda4f67dca266ce6ef42f520fbb98_0xa3dc529e8c68a7f9eadc26b42cb1a3e3d872f7ca
546,0xfbb1b73c4f0bda4f67dca266ce6ef42f520fbb98_0x14ac5ec60487f5e8ad4e95ef30b55dcaa21e3015
547,0xfbb1b73c4f0bda4f67dca266ce6ef42f520fbb98_0xec9101b2bc40a9d38ddc6a5d9a2e9accc26134b5
548,0xfbb1b73c4f0bda4f67dca266ce6ef42f520fbb98_0x394cf1e85ff5fe8a151ab7e3fc2aaf0827621509
549,0xfbb1b73c4f0bda4f67dca266ce6ef42f520fbb98_0x3a1a829a45d58119b07ca84dfec2ddd95082a8ae
550,0xfbb1b73c4f0bda4f67dca266ce6ef42f520fbb98_0x4389fe2aca02fe8a46f9b2679ae41fd6124fc840
551,0xfbb1b73c4f0bda4f67dca266ce6ef42f520fbb98_0x942d742fe5a01adad8d0a5dd22ca161acd49ffe9
552,0xfbb1b73c4f0bda4f67dca266ce6ef42f520fbb98_0x39c5e5c1f22599c382f79e35e90564c82ebb29af
553,0xfbb1b73c4f0bda4f67dca266ce6ef42f520fbb98_0xc6e720b0f7eece0207e246b81ecb7d2094437b3f
554,0xfbb1b73c4f0bda4f67dca266ce6ef42f520fbb98_0x6bd0e04291ebe9e0122a9872c906510bef492096
555,0xfbb1b73c4f0bda4f67dca266ce6ef42f520fbb98_0xfacafb03c05890698f3d3bfc1fdc00cc5cbdcf84
556,0xfbb1b73c4f0bda4f67dca266ce6ef42f520fbb98_0x4b96d9eb035840f0a2c9a7e7cbac233711f83116
557,0xfbb1b73c4f0bda4f67dca266ce6ef42f520fbb98_0x2702719ee753ba0e964d5043a9d49c75e4c6431b
558,0xfbb1b73c4f0bda4f67dca266ce6ef42f520fbb98_0x819d42562c434f7942d16e843c32961fe1e1ab9c
559,0xfbb1b73c4f0bda4f67dca266ce6ef42f520fbb98_0x7dfd3f9c8209ef92945b19472452d969e2d20d26
560,0xfbb1b73c4f0bda4f67dca266ce6ef42f520fbb98_0x8a88100a633c95016c6a6331d5cdb1029b75949d
561,0xfbb1b73c4f0bda4f67dca266ce6ef42f520fbb98_0xeb01a798323ec7f7a4cc291edd1b78d229fa3be1
562,0xfbb1b73c4f0bda4f67dca266ce6ef42f520fbb98_0xb5e7922b85c83b277e738622f0cad9e11eb3d95d
563,0xfbb1b73c4f0bda4f67dca266ce6ef42f520fbb98_0x4ef218ef3d38b86837524577c2562a76969490cd
564,0xfbb1b73c4f0bda4f67dca266ce6ef42f520fbb98_0x2d9388c1b42528b498347424b701d116483efe0c
565,0xfbb1b73c4f0bda4f67dca266ce6ef42f520fbb98_0x7f3d7d02a73c379ed56215e45bab05ad6974b8c9
566,0xfbb1b73c4f0bda4f67dca266ce6ef42f520fbb98_0x0198a6ba73f1ecf15018a9c565ad1b70da8548bf
567,0xfbb1b73c4f0bda4f67dca266ce6ef42f520fbb98_0x1b341f7a7732c33c8140b1c11161c6d274979818
568,0xfbb1b73c4f0bda4f67dca266ce6ef42f520fbb98_0xf79fe33799adaba01925df90bec10b791d951e79
569,0xfbb1b73c4f0bda4f67dca266ce6ef42f520fbb98_0x54944e2d94ba106e30c9bac617d52c9966dd747c
570,0xfbb1b73c4f0bda4f67dca266ce6ef42f520fbb98_0x3f078914156a83a96e4e54e51444c2654e980387
571,0xfbb1b73c4f0bda4f67dca266ce6ef42f520fbb98_0x462766d95167a66c194127e3df819e08df5f54df
572,0xfbb1b73c4f0bda4f67dca266ce6ef42f520fbb98_0x9e0cfd7717877ef9f006f25b09269ed1a5fe4911
573,0xfbb1b73c4f0bda4f67dca266ce6ef42f520fbb98_0x039a0d2cebbcd212af06cacc4aaecf32a462d4e0
574,0xfbb1b73c4f0bda4f67dca266ce6ef42f520fbb98_0xae76a67cb364915b5886ba2e7e1b7a884d42f9c3
575,0xfbb1b73c4f0bda4f67dca266ce6ef42f520fbb98_0x3f61e4435992d6f40a01e5f0d6a8b85ce4e03b46
576,0xfbb1b73c4f0bda4f67dca266ce6ef42f520fbb98_0xd158394aa7540176df70ba96a49cba49ac506fee
577,0xfbb1b73c4f0bda4f67dca266ce6ef42f520fbb98_0x524fcedc4a06c89eb02e1fd1c5055a19abad9ce5
578,0xfbb1b73c4f0bda4f67dca266ce6ef42f520fbb98_0xac797d6b17880e5c07dd791675b3a64c2c84f39f
579,0xfbb1b73c4f0bda4f67dca266ce6ef42f520fbb98_0x4f1c448aef9890799e44fd147eb57f62413f5274
580,0xfbb1b73c4f0bda4f67dca266ce6ef42f520fbb98_0xa38e9832ca3ac185620a10aebfd0f7b8fa2a42dd
581,0xfbb1b73c4f0bda4f67dca266ce6ef42f520fbb98_0xf48c3ee5d0dfa55c77b12cc668b47ed19dc1be8e
582,0xfbb1b73c4f0bda4f67dca266ce6ef42f520fbb98_0xc0e54f58a0f0306db6a25eb617a1f9130d91a22f
583,0xfbb1b73c4f0bda4f67dca266ce6ef42f520fbb98_0x7d670a1afef2312a6935f3419885633c55de6246
584,0xfbb1b73c4f0bda4f67dca266ce6ef42f520fbb98_0x18135cce235045b0fb1d5bb29aa7d0be6c846ad5
585,0xfbb1b73c4f0bda4f67dca266ce6ef42f520fbb98_0x2783580e10dbe9291e9f1f4950f6e791ae7e10be
586,0xfbb1b73c4f0bda4f67dca266ce6ef42f520fbb98_0x1c4d5fa6e1120c980cb5cf3973fefa4dac30fdd8
587,0xfbb1b73c4f0bda4f67dca266ce6ef42f520fbb98_0x2f0e3a537e9515203e596f387914de987229fc63
588,0xfbb1b73c4f0bda4f67dca266ce6ef42f520fbb98_0x125364d280dcc158f85469fc67b44f6c32e3bb2c
589,0xfbb1b73c4f0bda4f67dca266ce6ef42f520fbb98_0xdc30ef7686b6068c348e0774e7cbab3621d7e997
590,0xfbb1b73c4f0bda4f67dca266ce6ef42f520fbb98_0x31bec7b26a0a64a97e7b726f5ebc6dfa53a3630f
591,0xfbb1b73c4f0bda4f67dca266ce6ef42f520fbb98_0xa6dfe4f47b847a66dd7fbbf75aafba2f6b21d6d0
592,0xfbb1b73c4f0bda4f67dca266ce6ef42f520fbb98_0x598ba9bdbd0d71a6701d18049c4f1d6e1141dcd6
593,0xfbb1b73c4f0bda4f67dca266ce6ef42f520fbb98_0x9f7bfaa50c9618d180d9fe8a354147f6c49aa242
594,0xfbb1b73c4f0bda4f67dca266ce6ef42f520fbb98_0x3fe7b959efdef606c89a848661a30aa4a2652c5a
595,0xfbb1b73c4f0bda4f67dca266ce6ef42f520fbb98_0xaf251e5c88bcc7eb71d43e9604482394658d9957
596,0xfbb1b73c4f0bda4f67dca266ce6ef42f520fbb98_0xcdd8cdf76ad79d6aa68cc9e9247d43cf12777a22
597,0xfbb1b73c4f0bda4f67dca266ce6ef42f520fbb98_0x05efa1796e9017e7d510bd0e69ca7be169904cec
598,0xfbb1b73c4f0bda4f67dca266ce6ef42f520fbb98_0xb2fa4fc240ac8118775fb36449d96977e67ed9b3
599,0xfbb1b73c4f0bda4f67dca266ce6ef42f520fbb98_0xcffcb46ab6674b569a3f834f6a7bd850ca4a3e8d
600,0xfbb1b73c4f0bda4f67dca266ce6ef42f520fbb98_0x2a0a6c4cfe6c2ba7cc9235c0eb1b1eb52d853fe8
601,0xfbb1b73c4f0bda4f67dca266ce6ef42f520fbb98_0xf293f09eb24ceb49d53c187b83728821a6f0e98c
602,0xfbb1b73c4f0bda4f67dca266ce6ef42f520fbb98_0xca7bbdd55ffd1526cfc9080ab16107414bb4b897
603,0xfbb1b73c4f0bda4f67dca266ce6ef42f520fbb98_0x698e93ae8735bc52de74de4a573ec23fe03e9d0e
604,0xfbb1b73c4f0bda4f67dca266ce6ef42f520fbb98_0x27cd4aded96c29b1c5936efd6f2f33817bde9d8b
605,0xfbb1b73c4f0bda4f67dca266ce6ef42f520fbb98_0x8efb5e3cc1ea44d263c62ec7b905374ae59e7b22
606,0xfbb1b73c4f0bda4f67dca266ce6ef42f520fbb98_0xde1e09888f72c0c4d84dd68b41c91eecb799f6da
607,0xfbb1b73c4f0bda4f67dca266ce6ef42f520fbb98_0x027052fea515b9aceef962800f685ac169706f6e
608,0xfbb1b73c4f0bda4f67dca266ce6ef42f520fbb98_0xe2a5354148dd9464c972afa6d5914e457eed1d96
609,0xfbb1b73c4f0bda4f67dca266ce6ef42f520fbb98_0x322fa7da82c4567985e0390ceeefbccb8d071247
610,0xfbb1b73c4f0bda4f67dca266ce6ef42f520fbb98_0xe5c0048ee2b40d18f73ec94a7e314f5dda653598
611,0xfbb1b73c4f0bda4f67dca266ce6ef42f520fbb98_0x2ef08b6fd5616ef3771406f62f2e1615db9223dc
612,0xfbb1b73c4f0bda4f67dca266ce6ef42f520fbb98_0x021906dad3c84696b10973348ffea06996387267
613,0xfbb1b73c4f0bda4f67dca266ce6ef42f520fbb98_0xe1f9f26de657a4e96b41f6fbbe4a49dfcfa7c18e
614,0xfbb1b73c4f0bda4f67dca266ce6ef42f520fbb98_0x9cc648a036997a00d0a19f861508da8c5b25757f
615,0xfbb1b73c4f0bda4f67dca266ce6ef42f520fbb98_0x7d851337cf0d66d87f2562edb6ef840c12d1b0a0
616,0xfbb1b73c4f0bda4f67dca266ce6ef42f520fbb98_0x8285b7d20e3e6b7a9a979ef603b1c7b5a91a39c6
617,0xfbb1b73c4f0bda4f67dca266ce6ef42f520fbb98_0x8be756100f87c0ba362c73c6f1f2a1e850bffedd
618,0xfbb1b73c4f0bda4f67dca266ce6ef42f520fbb98_0xf3196db6ed5912dc6a197655bf5bb73a7fdc3834
619,0xfbb1b73c4f0bda4f67dca266ce6ef42f520fbb98_0x97484b5f4de66270d0a8075bf8f6493333d91be9
620,0xfbb1b73c4f0bda4f67dca266ce6ef42f520fbb98_0xc24d97641216b111afefb22f52d36ad82165449b
621,0xfbb1b73c4f0bda4f67dca266ce6ef42f520fbb98_0xebf42b0f8ae36643e1c3ad606e11d4460efca860
622,0xfbb1b73c4f0bda4f67dca266ce6ef42f520fbb98_0x224af61ba557ba49598b86e4ca3e6cb7892f3809
623,0xfbb1b73c4f0bda4f67dca266ce6ef42f520fbb98_0x53f31d8e3dbbc0a01588d4116b1b8e746cf01d42
624,0xfbb1b73c4f0bda4f67dca266ce6ef42f520fbb98_0x4f55f61c8fa2fd44fdcc82c9198b2782020bd063
625,0xfbb1b73c4f0bda4f67dca266ce6ef42f520fbb98_0xbdb85e4e632d871e548666e5de4ba23219b2b600
626,0xfbb1b73c4f0bda4f67dca266ce6ef42f520fbb98_0xfc87bea115cc3bd32535ab061e240cd798380593
627,0xfbb1b73c4f0bda4f67dca266ce6ef42f520fbb98_0x62e3389eab05f1239abb267164f3b2ee93ed6aea
628,0xfbb1b73c4f0bda4f67dca266ce6ef42f520fbb98_0xbf512a57ed977a6e674db8ae31d692678a8428c8
629,0xfbb1b73c4f0bda4f67dca266ce6ef42f520fbb98_0x7fb0fddbbfea53812cf3c8c51c43195f42250e40
630,0xfbb1b73c4f0bda4f67dca266ce6ef42f520fbb98_0x1171c4af3b696caa00aeb65eafb9bcca4608ecff
631,0xfbb1b73c4f0bda4f67dca266ce6ef42f520fbb98_0x4a2d52d0898f560e53cdf4585a034517c06d0544
632,0xfbb1b73c4f0bda4f67dca266ce6ef42f520fbb98_0xcdf76ab46e40eb0ad96151acedcceca00631bb3f
633,0xfbb1b73c4f0bda4f67dca266ce6ef42f520fbb98_0xb6e95fdaf0f97acaf8d4857d27510f31eb9eeeb7
634,0xfbb1b73c4f0bda4f67dca266ce6ef42f520fbb98_0x4ce17e365fdeedd71ed8677140f7a7d02c5c4837
635,0xfbb1b73c4f0bda4f67dca266ce6ef42f520fbb98_0x26c2c2cd83db0de66a40e8ca37369e3e5c0cde3a
636,0xfbb1b73c4f0bda4f67dca266ce6ef42f520fbb98_0xa039f8d967f729d5dba8ce700af85c9e4d52d00b
637,0xfbb1b73c4f0bda4f67dca266ce6ef42f520fbb98_0x85090fecad88eda6c31c4e162ccca6d90a48dafd
638,0xfbb1b73c4f0bda4f67dca266ce6ef42f520fbb98_0x0823ce09d142c61b1b2391c783f365c8b3f939e4
639,0xfbb1b73c4f0bda4f67dca266ce6ef42f520fbb98_0xbc142934923b3021d2e3d45721345b2c62d33bcb
640,0xfbb1b73c4f0bda4f67dca266ce6ef42f520fbb98_0x905029a85bd577c700af9d4ab1079435a1f4fad1
641,0xfbb1b73c4f0bda4f67dca266ce6ef42f520fbb98_0x592f426fec867c601e5156d83e7d5e3437cd13dd
642,0xfbb1b73c4f0bda4f67dca266ce6ef42f520fbb98_0xb1d985b1aabe36bfb16145b6395ac052dbc69933
643,0xfbb1b73c4f0bda4f67dca266ce6ef42f520fbb98_0xe5dd853973f2be5c1da7ae79673c45b9ebf6a5bd
644,0xfbb1b73c4f0bda4f67dca266ce6ef42f520fbb98_0x04506305f4253a8ebef0b37512b056490c214890
645,0xfbb1b73c4f0bda4f67dca266ce6ef42f520fbb98_0xadba23bc12d347126310c0c90e9039a3a8d32837
646,0xfbb1b73c4f0bda4f67dca266ce6ef42f520fbb98_0x29c4378ac6aa3b0e1e83979e8f79185b20b3a987
647,0xfbb1b73c4f0bda4f67dca266ce6ef42f520fbb98_0x4f32b1f16a74dc62ce56b43f754d4c0e86e6f990
648,0xfbb1b73c4f0bda4f67dca266ce6ef42f520fbb98_0xf72eaf26c25aaeda5881804c3c5bddf6d2184e80
649,0xfbb1b73c4f0bda4f67dca266ce6ef42f520fbb98_0x091d50459ca29ad423d1a0b1ff6e78a5401e858a
650,0xfbb1b73c4f0bda4f67dca266ce6ef42f520fbb98_0xd55a70c6d57d6125cb9f6588120d6a33a9dd2850
651,0xfbb1b73c4f0bda4f67dca266ce6ef42f520fbb98_0x0047bca3a23b4482d44459d31068ecef8fc7a6ec
652,0xfbb1b73c4f0bda4f67dca266ce6ef42f520fbb98_0x530024aec9d7b4d3646ad0fedfe17a80bef40c8d
653,0xfbb1b73c4f0bda4f67dca266ce6ef42f520fbb98_0xba94139b666131d92b30a5a8b7e11a4b30b234c0
654,0xfbb1b73c4f0bda4f67dca266ce6ef42f520fbb98_0x4ab9f5aa27b22664d110b6d3895b5fa1e5887a0a
655,0xfbb1b73c4f0bda4f67dca266ce6ef42f520fbb98_0x28ba9874e993c123bea36935acc96c964c40a9d6
656,0xfbb1b73c4f0bda4f67dca266ce6ef42f520fbb98_0xc5c963d15ffd6999978a9cff881db0ff0d0c64e5
657,0xfbb1b73c4f0bda4f67dca266ce6ef42f520fbb98_0xbcbc9be3408fd80940ea78da164759fa989fa90c
658,0xfbb1b73c4f0bda4f67dca266ce6ef42f520fbb98_0x8416a43f238f6861a3b7541001818dfc562e629f
659,0xfbb1b73c4f0bda4f67dca266ce6ef42f520fbb98_0xcbb8e6d37074720ac41359d04dfcc4742b8ec2eb
660,0xfbb1b73c4f0bda4f67dca266ce6ef42f520fbb98_0x07297d8187df652edcdf83d23d9b07b59d0f2bdf
661,0xfbb1b73c4f0bda4f67dca266ce6ef42f520fbb98_0x7a5c7884f87f1f5db1b0c01b57dcde69059a788e
662,0xfbb1b73c4f0bda4f67dca266ce6ef42f520fbb98_0xca8e6d7a266813aa52159017df792ccf67f8d834
663,0xfbb1b73c4f0bda4f67dca266ce6ef42f520fbb98_0x0e2b417d876dee76841613affbfbd25912a9869d
664,0xfbb1b73c4f0bda4f67dca266ce6ef42f520fbb98_0x12f64751f512fab994af581035b02aa2288f6433
665,0xfbb1b73c4f0bda4f67dca266ce6ef42f520fbb98_0xf3786e61962ab4fbd64819ccf11a8bb563f9ec47
666,0xfbb1b73c4f0bda4f67dca266ce6ef42f520fbb98_0x1f57f826caf594f7a837d9fc092456870a289365
667,0xfbb1b73c4f0bda4f67dca266ce6ef42f520fbb98_0x2456be9e99719dd3e61f8b3e782bb99a6e309e99
668,0xfbb1b73c4f0bda4f67dca266ce6ef42f520fbb98_0x0f437872990fc8e17e3550b9d12f2cd693565a6e
669,0xfbb1b73c4f0bda4f67dca266ce6ef42f520fbb98_0x44187d93d6e0458be14958e718338111ac306ce6
670,0xfbb1b73c4f0bda4f67dca266ce6ef42f520fbb98_0x4b2d1432289e28632ba00a52da9ad68c81415c33
671,0xfbb1b73c4f0bda4f67dca266ce6ef42f520fbb98_0xabd094ee277ba3ad900740695179f1e927ca719b
672,0xfbb1b73c4f0bda4f67dca266ce6ef42f520fbb98_0x5a3aa890cdc2ed8c831c813066617859727e7a5d
673,0xfbb1b73c4f0bda4f67dca266ce6ef42f520fbb98_0x9d7c05bb8fecd64c78805d1353ec99d748442674
674,0xfbb1b73c4f0bda4f67dca266ce6ef42f520fbb98_0x4e1372c50646e157fa9bd4ad24296b713b2937f4
675,0xfbb1b73c4f0bda4f67dca266ce6ef42f520fbb98_0xcf97bcfe64fb1bee53d9251c0fd64755a0290f85
676,0xfbb1b73c4f0bda4f67dca266ce6ef42f520fbb98_0x7ef152f25e42c8e400955d7d40c51836d43ec16f
677,0xfbb1b73c4f0bda4f67dca266ce6ef42f520fbb98_0x50924f2d1eeeb1a12875a2dc40d415762ec2907f
678,0xfbb1b73c4f0bda4f67dca266ce6ef42f520fbb98_0x4fdaf7ed12ff322d6910f4a32d97fe01520ff884
679,0xfbb1b73c4f0bda4f67dca266ce6ef42f520fbb98_0xeb198af9dd92e68547ec9e0be6673a8d9b6a1af5
680,0xfbb1b73c4f0bda4f67dca266ce6ef42f520fbb98_0x75a155f65c25e1d0b978efa1736175e3e835f0c9
681,0xfbb1b73c4f0bda4f67dca266ce6ef42f520fbb98_0x9da65ee0665d81895216f1c34ef0ea675cbe1858
682,0xfbb1b73c4f0bda4f67dca266ce6ef42f520fbb98_0x9dc211536a55ed5ccff70381b07475379214c578
683,0xfbb1b73c4f0bda4f67dca266ce6ef42f520fbb98_0xde315abd1ddd0fd5dfd667cae01ab542c8131d45
684,0xfbb1b73c4f0bda4f67dca266ce6ef42f520fbb98_0xa1c1a16bf09b4619aa880da92b6f08084c8f42cf
685,0xfbb1b73c4f0bda4f67dca266ce6ef42f520fbb98_0xc16c73d64acf68fb58ae35ccd5f9c4a792f8d499
686,0xfbb1b73c4f0bda4f67dca266ce6ef42f520fbb98_0xfe1ccbf6bd5f26411e7c07c71e132b02654a13f5
687,0xfbb1b73c4f0bda4f67dca266ce6ef42f520fbb98_0xedb9d4fa569b23bb08a8b29ddfe335a04b224708
688,0xfbb1b73c4f0bda4f67dca266ce6ef42f520fbb98_0x8d0b69cc5de9cbb2d565c3ec9ff0cf5adc1a2016
689,0xfbb1b73c4f0bda4f67dca266ce6ef42f520fbb98_0xe3c2836178ab86cd19b9156b9220f9ed1c4ce444
690,0xfbb1b73c4f0bda4f67dca266ce6ef42f520fbb98_0x1a1fe6bedec861a25da0e883e477b80a4f2de7ff
691,0xfbb1b73c4f0bda4f67dca266ce6ef42f520fbb98_0x00a34451953a06fbc85f86c7e6c5ef22e182a2da
692,0xfbb1b73c4f0bda4f67dca266ce6ef42f520fbb98_0x46c60700db28262b63858f07f1164700198805f4
693,0xfbb1b73c4f0bda4f67dca266ce6ef42f520fbb98_0x43a69e259bf5250620d87acc0e0e1376e6d33a86
694,0xfbb1b73c4f0bda4f67dca266ce6ef42f520fbb98_0x223c04e1b0658cdcb63f64d24b038b4fc0a214c0
695,0xfbb1b73c4f0bda4f67dca266ce6ef42f520fbb98_0xe1be39ca398dcc3942aa96ba4d21b7e8e5bb01f9
696,0xfbb1b73c4f0bda4f67dca266ce6ef42f520fbb98_0xa2d62c57c34231ed140a335109b2609f8705d2c9
697,0xfbb1b73c4f0bda4f67dca266ce6ef42f520fbb98_0x310d3777d661e1500c3b2ee8357648f758091cd7
698,0xfbb1b73c4f0bda4f67dca266ce6ef42f520fbb98_0xe3c71fda10a335d4170fa303a3bd3345ea708fd4
699,0xfbb1b73c4f0bda4f67dca266ce6ef42f520fbb98_0x740e85cbde4b75823bd6a1ff1fba4c3b481bf9cc
700,0xfbb1b73c4f0bda4f67dca266ce6ef42f520fbb98_0xcf7687fc7e957632542fb0fab086d81ea9a7c5fa
701,0xfbb1b73c4f0bda4f67dca266ce6ef42f520fbb98_0x062a838094d823dd6e8d826ebbfce83327a3f71a
702,0xfbb1b73c4f0bda4f67dca266ce6ef42f520fbb98_0x278b12a416e5fa83f860938966478128ddbd3f9d
703,0xfbb1b73c4f0bda4f67dca266ce6ef42f520fbb98_0x6c11fa9f82689aa0d4d41f2ed3e3a80932707b46
704,0xfbb1b73c4f0bda4f67dca266ce6ef42f520fbb98_0xf44058ffe3b8e3a6344e95a7dba8929d5b94bae2
705,0xfbb1b73c4f0bda4f67dca266ce6ef42f520fbb98_0x1789974f76703653c5e8330618425c23b852c26f
706,0xfbb1b73c4f0bda4f67dca266ce6ef42f520fbb98_0xec31f037b5b1623076b0a98aa5fb607000bc6d00
707,0xfbb1b73c4f0bda4f67dca266ce6ef42f520fbb98_0xe59a56f16c248cc3dccabe36c4c59e34ddc3f9df
708,0xfbb1b73c4f0bda4f67dca266ce6ef42f520fbb98_0x780c46daa08f5ae18354c13f98e47541c4f21c98
709,0xfbb1b73c4f0bda4f67dca266ce6ef42f520fbb98_0x31280663736efd065a9f706ac2ad0090ce1ba0ea
710,0xfbb1b73c4f0bda4f67dca266ce6ef42f520fbb98_0x2722a78666262e46a534d360c0f18ac0c6e94640
711,0xfbb1b73c4f0bda4f67dca266ce6ef42f520fbb98_0x26e8840b336a175f19ee32d3a9ba0cf76ea8386a
712,0xfbb1b73c4f0bda4f67dca266ce6ef42f520fbb98_0x0d2acf291823a369fce5566b147fed280649440c
713,0xfbb1b73c4f0bda4f67dca266ce6ef42f520fbb98_0xe693eff8df87d2f5073ae63c98bebbceede8e56c
714,0xfbb1b73c4f0bda4f67dca266ce6ef42f520fbb98_0xe27f59fdf39db126f3f227616559b0ce0babaef9
715,0xfbb1b73c4f0bda4f67dca266ce6ef42f520fbb98_0xa8e413f7be70bd16e1995ceaa38574ea683f74ce
716,0xfbb1b73c4f0bda4f67dca266ce6ef42f520fbb98_0xa8e5b26ed097f3e430497439ca77f1b4e89d5f45
717,0xfbb1b73c4f0bda4f67dca266ce6ef42f520fbb98_0xa23c15a1fa949ec6dd8cb6ddd2c681ef46a5871b
718,0xfbb1b73c4f0bda4f67dca266ce6ef42f520fbb98_0xe03d9493eff3bd5d19246e22a45e58c65fb3ce20
719,0xfbb1b73c4f0bda4f67dca266ce6ef42f520fbb98_0x55553e3b2d1e517f44fd4ea8354d171d69637b48
720,0xfbb1b73c4f0bda4f67dca266ce6ef42f520fbb98_0x945010c7b1d5e01d691dc569a9101e77e546a535
721,0xfbb1b73c4f0bda4f67dca266ce6ef42f520fbb98_0x72001542ecf3820ce66c831a6fd8f1e7ad25f443
722,0xfbb1b73c4f0bda4f67dca266ce6ef42f520fbb98_0xb93a2f85a3be310bbca2bc236d172812c4c2e157
723,0xfbb1b73c4f0bda4f67dca266ce6ef42f520fbb98_0xd2a1f7079abd741d094b2963cbe18ea22273d01a
724,0xfbb1b73c4f0bda4f67dca266ce6ef42f520fbb98_0xa30c3ef6333f44fd66457a8667aae8bef8f733a2
725,0xfbb1b73c4f0bda4f67dca266ce6ef42f520fbb98_0xa401113b7e7c947c00f89d190dd6edc235db8e37
726,0xfbb1b73c4f0bda4f67dca266ce6ef42f520fbb98_0xa90a3dc59d907b7ffc88103e5b4cc23931095738
727,0xfbb1b73c4f0bda4f67dca266ce6ef42f520fbb98_0xcd6d197b4e5eb3aacf4a7b7ef73d1ae473ec9bf9
728,0xfbb1b73c4f0bda4f67dca266ce6ef42f520fbb98_0x021350dd9956c386d5623b8d5190ec62db2ac8a5
729,0xfbb1b73c4f0bda4f67dca266ce6ef42f520fbb98_0x3c6a747c1dd0957cab900eabb153b6c53e8d6a5c
730,0xfbb1b73c4f0bda4f67dca266ce6ef42f520fbb98_0xc710e6388be60741f91fb1f87ac905ff36b22eb7
731,0xfbb1b73c4f0bda4f67dca266ce6ef42f520fbb98_0x5d999cb656f2f21545ebc725f635551c3b16728d
732,0xfbb1b73c4f0bda4f67dca266ce6ef42f520fbb98_0xc7c9c1abee6c4ff1cd394b405ecb808161a007fb
733,0xfbb1b73c4f0bda4f67dca266ce6ef42f520fbb98_0x2606f53ec92c714414142c21045d0c3097cd9e78
734,0xfbb1b73c4f0bda4f67dca266ce6ef42f520fbb98_0xb9585288f8af18ce6279712d7ad79236f6fa8a59
735,0xfbb1b73c4f0bda4f67dca266ce6ef42f520fbb98_0xa9c03bcca2bffd582e4c1491ff93b15dc6fb38d1
736,0xfbb1b73c4f0bda4f67dca266ce6ef42f520fbb98_0xbd5f1e90a79d0b3f2b0bf1f3bb8ddda0c734f0aa
737,0xfbb1b73c4f0bda4f67dca266ce6ef42f520fbb98_0x5f534c8edaf46710999ff0f30a996db857d0ed42
738,0xfbb1b73c4f0bda4f67dca266ce6ef42f520fbb98_0xc6c177291d47ae2ba360dfaa2cee9fb8d5081a43
739,0xfbb1b73c4f0bda4f67dca266ce6ef42f520fbb98_0xa73844bc8f37dd9c2db267345d351464ec4e2692
740,0xfbb1b73c4f0bda4f67dca266ce6ef42f520fbb98_0xda5aa6e0ec764c47bbaee67d2e7ba8d1151ad6bb
741,0xfbb1b73c4f0bda4f67dca266ce6ef42f520fbb98_0xe631d55f3fe6835d6ce5c33b141b1a3eddfb7dfe
742,0xfbb1b73c4f0bda4f67dca266ce6ef42f520fbb98_0x4105da36208115c4d13b9410cd99b05def651bdf
743,0xfbb1b73c4f0bda4f67dca266ce6ef42f520fbb98_0x7c74d4408afaa876568d94811a85406cb9436a70
744,0xfbb1b73c4f0bda4f67dca266ce6ef42f520fbb98_0xc30f53cb1f6073e7db6fa16a34267d8ad8cddb04
745,0xfbb1b73c4f0bda4f67dca266ce6ef42f520fbb98_0x365df808d0b27b2cb5a82704eadacae6b4eb55c6
746,0xfbb1b73c4f0bda4f67dca266ce6ef42f520fbb98_0xa5da390bcfa0b908cab079e6d985808c6b47e20d
747,0xfbb1b73c4f0bda4f67dca266ce6ef42f520fbb98_0xcec7cbc5e0cff86b17c8ea0382eee6d0b39665c6
748,0xfbb1b73c4f0bda4f67dca266ce6ef42f520fbb98_0xfbaa31eff9eaa15e81efba9b0c9ee596b5d38661
749,0xfbb1b73c4f0bda4f67dca266ce6ef42f520fbb98_0x8560e84a1d763960134e5a2fe33f950fc8e6e545
750,0xfbb1b73c4f0bda4f67dca266ce6ef42f520fbb98_0x1fb14386facc040328467f77f2aadf84b4a343ac
751,0xfbb1b73c4f0bda4f67dca266ce6ef42f520fbb98_0xc5174db32b18f7e87ac50505abb785715448c355
752,0xfbb1b73c4f0bda4f67dca266ce6ef42f520fbb98_0x799c2a1b1ddd04504f47a7460b36c4348698c2f7
753,0xfbb1b73c4f0bda4f67dca266ce6ef42f520fbb98_0xacaf3b98618fc7689db5ed79c0b1d78f671648e4
754,0xfbb1b73c4f0bda4f67dca266ce6ef42f520fbb98_0x58b5e363b58c2f375854bcc4b6186e811ecabdeb
755,0xfbb1b73c4f0bda4f67dca266ce6ef42f520fbb98_0x4eb44a2d45370a8fe762040447112a6ce42ca6a2
756,0xfbb1b73c4f0bda4f67dca266ce6ef42f520fbb98_0x451ca1b4b854e7c3b1cf4e6804e7425bb2c54ed2
757,0xfbb1b73c4f0bda4f67dca266ce6ef42f520fbb98_0x6b34df201e0df3d79c9225a909ccf6db3db3efdd
758,0xfbb1b73c4f0bda4f67dca266ce6ef42f520fbb98_0x6dfaa563d04a77aff4c4ad2b17cf4c64d2983dc8
759,0xfbb1b73c4f0bda4f67dca266ce6ef42f520fbb98_0xaa1a6e3e6ef20068f7f8d8c835d2d22fd5116444
760,0xfbb1b73c4f0bda4f67dca266ce6ef42f520fbb98_0xe94b04a0fed112f3664e45adb2b8915693dd5ff3
